Date,Open,High,Low,Close,Adj Close,Volume
08/12/2014,114.099998,114.650002,111.620003,112.400002,103.275063,57664900
09/12/2014,110.190002,114.300003,109.349998,114.120003,104.855431,60208000
10/12/2014,114.410004,114.849998,111.540001,111.949997,102.86161,44565300
11/12/2014,112.260002,113.800003,111.339996,111.620003,102.558395,41401700
12/12/2014,110.459999,111.870003,109.580002,109.730003,100.821831,56028100
15/12/2014,110.699997,111.599998,106.349998,108.230003,99.443619,67218100
16/12/2014,106.370003,110.160004,106.260002,106.75,98.08374,60790700
17/12/2014,107.120003,109.839996,106.82,109.410004,100.527809,53411800
18/12/2014,111.870003,112.650002,110.660004,112.650002,103.504761,59006200
19/12/2014,112.260002,113.239998,111.660004,111.779999,102.705391,88429800
22/12/2014,112.160004,113.489998,111.970001,112.940002,103.771225,45167500
23/12/2014,113.230003,113.330002,112.459999,112.540001,103.403709,26028400
24/12/2014,112.580002,112.709999,112.010002,112.010002,102.916725,14479600
26/12/2014,112.099998,114.519997,112.010002,113.989998,104.735992,33721000
29/12/2014,113.790001,114.769997,113.699997,113.910004,104.662506,27598900
30/12/2014,113.639999,113.919998,112.110001,112.519997,103.385315,29881500
31/12/2014,112.82,113.129997,110.209999,110.379997,101.41906,41403400
02/01/2015,111.389999,111.440002,107.349998,109.330002,100.4543,53204600
05/01/2015,108.290001,108.650002,105.410004,106.25,97.624336,64285500
06/01/2015,106.540001,107.43,104.629997,106.260002,97.633545,65797100
07/01/2015,107.199997,108.199997,106.699997,107.75,99.002556,40105900
08/01/2015,109.230003,112.150002,108.699997,111.889999,102.80648,59364500
09/01/2015,112.669998,113.25,110.209999,112.010002,102.916725,53699500
12/01/2015,112.599998,112.629997,108.800003,109.25,100.380791,49650800
13/01/2015,111.43,112.800003,108.910004,110.220001,101.272049,67091900
14/01/2015,109.040001,110.489998,108.5,109.800003,100.886154,48956600
15/01/2015,110,110.059998,106.660004,106.82,98.148056,60014000
16/01/2015,107.029999,107.580002,105.199997,105.989998,97.385445,78513300
20/01/2015,107.839996,108.970001,106.5,108.720001,99.893822,49899900
21/01/2015,108.949997,111.059998,108.269997,109.550003,100.656441,48575900
22/01/2015,110.260002,112.470001,109.720001,112.400002,103.275063,53796400
23/01/2015,112.300003,113.75,111.529999,112.980003,103.807991,46464800
26/01/2015,113.739998,114.360001,112.800003,113.099998,103.918228,55615000
27/01/2015,112.419998,112.480003,109.029999,109.139999,100.279716,95568700
28/01/2015,117.629997,118.120003,115.309998,115.309998,105.948822,146477100
29/01/2015,116.32,119.190002,115.559998,118.900002,109.247391,84436400
30/01/2015,118.400002,120,116.849998,117.160004,107.648643,83745500
02/02/2015,118.050003,119.169998,116.080002,118.629997,108.999298,62739100
03/02/2015,118.5,119.089996,117.610001,118.650002,109.017654,51915700
04/02/2015,118.5,120.510002,118.309998,119.559998,109.853806,70149700
05/02/2015,120.019997,120.230003,119.25,119.940002,110.637886,42246200
06/02/2015,120.019997,120.25,118.449997,118.93,109.7062,43706600
09/02/2015,118.550003,119.839996,118.43,119.720001,110.434944,38889800
10/02/2015,120.169998,122.150002,120.160004,122.019997,112.556557,62008500
11/02/2015,122.769997,124.919998,122.5,124.879997,115.194748,73561800
12/02/2015,126.059998,127.480003,125.57,126.459999,116.652199,74474500
13/02/2015,127.279999,127.279999,125.650002,127.080002,117.224121,54272200
17/02/2015,127.489998,128.880005,126.919998,127.830002,117.915962,63152400
18/02/2015,127.629997,128.779999,127.449997,128.720001,118.736946,44891700
19/02/2015,128.479996,129.029999,128.330002,128.449997,118.487869,37362400
20/02/2015,128.619995,129.5,128.050003,129.5,119.456444,48948400
23/02/2015,130.020004,133,129.660004,133,122.684975,70974100
24/02/2015,132.940002,133.600006,131.169998,132.169998,121.919357,69228100
25/02/2015,131.559998,131.600006,128.149994,128.789993,118.801491,74711700
26/02/2015,128.789993,130.869995,126.610001,130.419998,120.305084,91287500
27/02/2015,130,130.570007,128.240005,128.460007,118.497116,62014800
02/03/2015,129.25,130.279999,128.300003,129.089996,119.078239,48096700
03/03/2015,128.960007,129.520004,128.089996,129.360001,119.327293,37816300
04/03/2015,129.100006,129.559998,128.320007,128.539993,118.570885,31666300
05/03/2015,128.580002,128.75,125.760002,126.410004,116.606094,56517100
06/03/2015,128.399994,129.369995,126.260002,126.599998,116.781349,72842100
09/03/2015,127.959999,129.570007,125.059998,127.139999,117.279457,88528500
10/03/2015,126.410004,127.220001,123.800003,124.510002,114.853432,68856600
11/03/2015,124.75,124.769997,122.110001,122.239998,112.759514,68939000
12/03/2015,122.309998,124.900002,121.629997,124.449997,114.798103,48362700
13/03/2015,124.400002,125.400002,122.580002,123.589996,114.004791,51827300
16/03/2015,123.879997,124.949997,122.870003,124.949997,115.259315,35874300
17/03/2015,125.900002,127.32,125.650002,127.040001,117.187233,51023100
18/03/2015,127,129.160004,126.370003,128.470001,118.50631,65270900
19/03/2015,128.75,129.25,127.400002,127.5,117.611565,45809500
20/03/2015,128.25,128.399994,125.160004,125.900002,116.135651,68695100
23/03/2015,127.120003,127.849998,126.519997,127.209999,117.344032,37709700
24/03/2015,127.230003,128.039993,126.559998,126.690002,116.864365,32842300
25/03/2015,126.540001,126.82,123.379997,123.379997,113.811096,51655200
26/03/2015,122.760002,124.879997,122.599998,124.239998,114.604393,47572900
27/03/2015,124.57,124.699997,122.910004,123.25,113.69117,39546200
30/03/2015,124.050003,126.400002,124,126.370003,116.569206,47099700
31/03/2015,126.089996,126.489998,124.360001,124.43,114.779648,42090600
01/04/2015,124.82,125.120003,123.099998,124.25,114.613602,40621400
02/04/2015,125.029999,125.559998,124.190002,125.32,115.600616,32220100
06/04/2015,124.470001,127.510002,124.330002,127.349998,117.47319,37194000
07/04/2015,127.639999,128.119995,125.980003,126.010002,116.237122,35012300
08/04/2015,125.849998,126.400002,124.970001,125.599998,115.85891,37329200
09/04/2015,125.849998,126.580002,124.660004,126.559998,116.744446,32484000
10/04/2015,125.949997,127.209999,125.260002,127.099998,117.242592,40188000
13/04/2015,128.369995,128.570007,126.610001,126.849998,117.011948,36365100
14/04/2015,127,127.290001,125.910004,126.300003,116.504623,25524600
15/04/2015,126.410004,127.129997,126.010002,126.779999,116.94738,28970400
16/04/2015,126.279999,127.099998,126.110001,126.169998,116.384705,28369000
17/04/2015,125.550003,126.139999,124.459999,124.75,115.074821,51957000
20/04/2015,125.57,128.119995,125.169998,127.599998,117.703796,47054300
21/04/2015,128.100006,128.199997,126.669998,126.910004,117.067322,32435100
22/04/2015,126.989998,128.869995,126.32,128.619995,118.644707,37654500
23/04/2015,128.300003,130.419998,128.139999,129.669998,119.613266,45770900
24/04/2015,130.490005,130.630005,129.229996,130.279999,120.175949,44525900
27/04/2015,132.309998,133.130005,131.149994,132.649994,122.362091,96954200
28/04/2015,134.460007,134.539993,129.570007,130.559998,120.434235,118924000
29/04/2015,130.160004,131.589996,128.300003,128.639999,118.663147,63386100
30/04/2015,128.639999,128.639999,124.580002,125.150002,115.44381,83195400
01/05/2015,126.099998,130.130005,125.300003,128.949997,118.949089,58512600
04/05/2015,129.5,130.570007,128.259995,128.699997,118.718491,50988300
05/05/2015,128.149994,128.449997,125.779999,125.800003,116.043396,49271400
06/05/2015,126.559998,126.75,123.360001,125.010002,115.314674,72141000
07/05/2015,124.769997,126.080002,124.019997,125.260002,116.027908,43940900
08/05/2015,126.68,127.620003,126.110001,127.620003,118.213974,55550400
11/05/2015,127.389999,127.559998,125.629997,126.32,117.009789,42035800
12/05/2015,125.599998,126.879997,124.82,125.870003,116.592957,48160000
13/05/2015,126.150002,127.190002,125.870003,126.010002,116.722656,34694200
14/05/2015,127.410004,128.949997,127.160004,128.949997,119.445946,45203500
15/05/2015,129.070007,129.490005,128.210007,128.770004,119.279213,38208000
18/05/2015,128.380005,130.720001,128.360001,130.190002,120.594551,50882900
19/05/2015,130.690002,130.880005,129.639999,130.070007,120.483398,44633200
20/05/2015,130,130.979996,129.339996,130.059998,120.474144,36454900
21/05/2015,130.070007,131.630005,129.830002,131.389999,121.706139,39730400
22/05/2015,131.600006,132.970001,131.399994,132.539993,122.77137,45596000
26/05/2015,132.600006,132.910004,129.119995,129.619995,120.066551,70697600
27/05/2015,130.339996,132.259995,130.050003,132.039993,122.308205,45833200
28/05/2015,131.860001,131.949997,131.100006,131.779999,122.067375,30733300
29/05/2015,131.229996,131.449997,129.899994,130.279999,120.677933,50884500
01/06/2015,130.279999,131.389999,130.050003,130.539993,120.918762,32112800
02/06/2015,129.860001,130.660004,129.320007,129.960007,120.381523,33667600
03/06/2015,130.660004,130.940002,129.899994,130.119995,120.529716,30983500
04/06/2015,129.580002,130.580002,128.910004,129.360001,119.825737,38450100
05/06/2015,129.5,129.690002,128.360001,128.649994,119.168053,35626800
08/06/2015,128.899994,129.210007,126.830002,127.800003,118.380714,52674800
09/06/2015,126.699997,128.080002,125.620003,127.419998,118.028717,56075400
10/06/2015,127.919998,129.339996,127.849998,128.880005,119.381111,39087300
11/06/2015,129.179993,130.179993,128.479996,128.589996,119.112488,35390900
12/06/2015,128.190002,128.330002,127.110001,127.169998,117.79715,36886200
15/06/2015,126.099998,127.239998,125.709999,126.919998,117.565575,43988900
16/06/2015,127.029999,127.849998,126.370003,127.599998,118.195457,31494100
17/06/2015,127.720001,127.879997,126.739998,127.300003,117.917557,32918100
18/06/2015,127.230003,128.309998,127.220001,127.879997,118.454803,35407200
19/06/2015,127.709999,127.82,126.400002,126.599998,117.269157,54716900
22/06/2015,127.489998,128.059998,127.080002,127.610001,118.204712,34039300
23/06/2015,127.480003,127.610001,126.879997,127.029999,117.667465,30268900
24/06/2015,127.209999,129.800003,127.120003,128.110001,118.66787,55280900
25/06/2015,128.860001,129.199997,127.5,127.5,118.102837,31938100
26/06/2015,127.669998,127.989998,126.510002,126.75,117.408104,44066800
29/06/2015,125.459999,126.470001,124.480003,124.529999,115.351707,49161400
30/06/2015,125.57,126.120003,124.860001,125.43,116.185387,44370700
01/07/2015,126.900002,126.940002,125.989998,126.599998,117.269157,30238800
02/07/2015,126.43,126.690002,125.769997,126.440002,117.120941,27211000
06/07/2015,124.940002,126.230003,124.849998,126,116.713364,28060400
07/07/2015,125.889999,126.150002,123.769997,125.690002,116.426216,46946800
08/07/2015,124.480003,124.639999,122.540001,122.57,113.536186,60761600
09/07/2015,123.849998,124.059998,119.220001,120.07,111.220444,78595000
10/07/2015,121.940002,123.849998,121.209999,123.279999,114.193848,61354500
13/07/2015,125.029999,125.760002,124.32,125.660004,116.398453,41440500
14/07/2015,126.040001,126.370003,125.040001,125.610001,116.352112,31768100
15/07/2015,125.720001,127.150002,125.580002,126.82,117.472946,33649200
16/07/2015,127.739998,128.570007,127.349998,128.509995,119.038376,36222400
17/07/2015,129.080002,129.619995,128.309998,129.619995,120.066551,46164700
20/07/2015,130.970001,132.970001,130.699997,132.070007,122.335999,58900200
21/07/2015,132.850006,132.919998,130.320007,130.75,121.113289,76756400
22/07/2015,121.989998,125.5,121.989998,125.220001,115.990868,115450600
23/07/2015,126.199997,127.089996,125.059998,125.160004,115.935295,50999500
24/07/2015,125.32,125.739998,123.900002,124.5,115.323929,42162300
27/07/2015,123.089996,123.610001,122.120003,122.769997,113.721443,44455500
28/07/2015,123.379997,123.910004,122.550003,123.379997,114.286491,33618100
29/07/2015,123.150002,123.5,122.269997,122.989998,113.925224,37011700
30/07/2015,122.32,122.57,121.709999,122.370003,113.350945,33628300
31/07/2015,122.599998,122.639999,120.910004,121.300003,112.359787,42885000
03/08/2015,121.5,122.57,117.519997,118.440002,109.710579,69976000
04/08/2015,117.419998,117.699997,113.25,114.639999,106.190651,124138600
05/08/2015,112.949997,117.440002,112.099998,115.400002,106.89463,99312600
06/08/2015,115.970001,116.5,114.120003,115.129997,107.127243,52903000
07/08/2015,114.580002,116.25,114.5,115.519997,107.490135,38670400
10/08/2015,116.529999,119.989998,116.529999,119.720001,111.398201,54951600
11/08/2015,117.809998,118.18,113.330002,113.489998,105.601257,97082800
12/08/2015,112.529999,115.419998,109.629997,115.239998,107.229599,101217500
13/08/2015,116.040001,116.400002,114.540001,115.150002,107.145874,48535800
14/08/2015,114.32,116.309998,114.010002,115.959999,107.899559,42929500
17/08/2015,116.040001,117.650002,115.5,117.160004,109.016144,40884700
18/08/2015,116.43,117.440002,116.010002,116.5,108.402016,34560700
19/08/2015,116.099998,116.519997,114.68,115.010002,107.015587,48286500
20/08/2015,114.080002,114.349998,111.629997,112.650002,104.819656,68501600
21/08/2015,110.43,111.900002,105.650002,105.760002,98.408554,128275500
24/08/2015,94.870003,108.800003,92,103.120003,95.952095,162206300
25/08/2015,111.110001,111.110001,103.5,103.739998,96.528969,103601600
26/08/2015,107.089996,109.889999,105.050003,109.690002,102.065392,96774600
27/08/2015,112.230003,113.239998,110.019997,112.919998,105.070885,84616100
28/08/2015,112.169998,113.309998,111.540001,113.290001,105.415154,53164400
31/08/2015,112.029999,114.529999,112,112.760002,104.922005,56229300
01/09/2015,110.150002,111.879997,107.360001,107.720001,100.232323,76845900
02/09/2015,110.230003,112.339996,109.129997,112.339996,104.531181,61888800
03/09/2015,112.489998,112.779999,110.040001,110.370003,102.69812,53233900
04/09/2015,108.970001,110.449997,108.510002,109.269997,101.674576,49996300
08/09/2015,111.75,112.559998,110.32,112.309998,104.503265,54843600
09/09/2015,113.760002,114.019997,109.769997,110.150002,102.493416,85010800
10/09/2015,110.269997,113.279999,109.900002,112.57,104.745216,62892800
11/09/2015,111.790001,114.209999,111.760002,114.209999,106.271194,49915500
14/09/2015,116.580002,116.889999,114.860001,115.309998,107.294724,58363400
15/09/2015,115.93,116.529999,114.419998,116.279999,108.197311,43341200
16/09/2015,116.25,116.540001,115.440002,116.410004,108.318291,37173500
17/09/2015,115.660004,116.489998,113.720001,113.919998,106.00135,64112600
18/09/2015,112.209999,114.300003,111.870003,113.449997,105.564041,74285300
21/09/2015,113.669998,115.370003,113.660004,115.209999,107.201698,50222000
22/09/2015,113.379997,114.18,112.519997,113.400002,105.517509,50346200
23/09/2015,113.629997,114.720001,113.300003,114.32,106.373558,35756700
24/09/2015,113.25,115.5,112.370003,115,107.006294,50219500
25/09/2015,116.440002,116.690002,114.019997,114.709999,106.736458,56151900
28/09/2015,113.849998,114.57,112.440002,112.440002,104.624237,52109000
29/09/2015,112.830002,113.510002,107.860001,109.059998,101.479179,73365400
30/09/2015,110.169998,111.540001,108.730003,110.300003,102.632996,66473000
01/10/2015,109.07,109.620003,107.309998,109.580002,101.963036,63929100
02/10/2015,108.010002,111.010002,107.550003,110.379997,102.707428,58019800
05/10/2015,109.879997,111.370003,109.07,110.779999,103.079636,52064700
06/10/2015,110.629997,111.739998,109.769997,111.309998,103.572777,48196800
07/10/2015,111.739998,111.769997,109.410004,110.779999,103.079636,46765600
08/10/2015,110.190002,110.190002,108.209999,109.5,101.888588,61979600
09/10/2015,110,112.279999,109.489998,112.120003,104.326485,52766100
12/10/2015,112.730003,112.75,111.440002,111.599998,103.842636,30467200
13/10/2015,110.82,112.449997,110.68,111.790001,104.019409,33049300
14/10/2015,111.290001,111.519997,109.559998,110.209999,102.549255,44462400
15/10/2015,110.93,112.099998,110.489998,111.860001,104.084564,37673500
16/10/2015,111.779999,112,110.529999,111.040001,103.321564,39232600
19/10/2015,110.800003,111.75,110.110001,111.730003,103.963593,29759200
20/10/2015,111.339996,114.169998,110.82,113.769997,105.861801,48967800
21/10/2015,114,115.580002,113.699997,113.760002,105.852493,41795200
22/10/2015,114.330002,115.5,114.099998,115.5,107.471558,41654100
23/10/2015,116.699997,119.230003,116.330002,119.080002,110.802673,59366900
26/10/2015,118.080002,118.129997,114.919998,115.279999,107.26683,66333800
27/10/2015,115.400002,116.540001,113.989998,114.550003,106.587563,69884400
28/10/2015,116.93,119.300003,116.059998,119.269997,110.979469,85551400
29/10/2015,118.699997,120.690002,118.269997,120.529999,112.151901,51227300
30/10/2015,120.989998,121.220001,119.449997,119.5,111.193504,49365300
02/11/2015,120.800003,121.360001,119.610001,121.18,112.756714,32203300
03/11/2015,120.790001,123.489998,120.699997,122.57,114.050095,45519000
04/11/2015,123.129997,123.82,121.620003,122,113.519714,44886100
05/11/2015,121.849998,122.690002,120.18,120.919998,112.996407,39552700
06/11/2015,121.110001,121.809998,120.620003,121.059998,113.127228,33042300
09/11/2015,120.959999,121.809998,120.050003,120.57,112.669365,33871400
10/11/2015,116.900002,118.07,116.059998,116.769997,109.11834,59127900
11/11/2015,116.370003,117.419998,115.209999,116.110001,108.501602,45218000
12/11/2015,116.260002,116.82,115.650002,115.720001,108.137138,32525600
13/11/2015,115.199997,115.57,112.269997,112.339996,104.97863,45812400
16/11/2015,111.379997,114.239998,111,114.18,106.698074,38106700
17/11/2015,114.919998,115.050003,113.32,113.690002,106.240173,27616900
18/11/2015,115.760002,117.489998,115.5,117.290001,109.604263,46674700
19/11/2015,117.639999,119.75,116.760002,118.779999,110.996635,43295800
20/11/2015,119.199997,119.919998,118.849998,119.300003,111.482559,34287100
23/11/2015,119.269997,119.730003,117.339996,117.75,110.034142,32482500
24/11/2015,117.330002,119.349998,117.120003,118.879997,111.090088,42803200
25/11/2015,119.209999,119.230003,117.919998,118.029999,110.295761,21388300
27/11/2015,118.290001,118.410004,117.599998,117.809998,110.09021,13046400
30/11/2015,117.989998,119.410004,117.75,118.300003,110.548103,39180300
01/12/2015,118.75,118.809998,116.860001,117.339996,109.650993,34852400
02/12/2015,117.339996,118.110001,116.080002,116.279999,108.660454,33386600
03/12/2015,116.550003,116.790001,114.220001,115.199997,107.65123,41569500
04/12/2015,115.290001,119.25,115.110001,119.029999,111.230263,57777000
07/12/2015,118.980003,119.860001,117.809998,118.279999,110.529411,32084200
08/12/2015,117.519997,118.599998,116.860001,118.230003,110.482658,34309500
09/12/2015,117.639999,117.690002,115.080002,115.620003,108.043701,46361400
10/12/2015,116.040001,116.940002,115.510002,116.169998,108.557663,29212700
11/12/2015,115.190002,115.389999,112.849998,113.18,105.763588,46886200
14/12/2015,112.18,112.68,109.790001,112.480003,105.109451,64318700
15/12/2015,111.940002,112.800003,110.349998,110.489998,103.24987,53323100
16/12/2015,111.07,111.989998,108.800003,111.339996,104.044151,56238500
17/12/2015,112.019997,112.25,108.980003,108.980003,101.838814,44772800
18/12/2015,108.910004,109.519997,105.809998,106.029999,99.082115,96453300
21/12/2015,107.279999,107.370003,105.57,107.330002,100.296921,47590600
22/12/2015,107.400002,107.720001,106.449997,107.230003,100.203491,32789400
23/12/2015,107.269997,108.849998,107.199997,108.610001,101.49305,32657400
24/12/2015,109,109,107.949997,108.029999,100.951057,13570400
28/12/2015,107.589996,107.690002,106.18,106.82,99.820358,26704200
29/12/2015,106.959999,109.43,106.860001,108.739998,101.614525,30931200
30/12/2015,108.580002,108.699997,107.18,107.32,100.287575,25213800
31/12/2015,107.010002,107.029999,104.82,105.260002,98.362572,40912300
04/01/2016,102.610001,105.370003,102,105.349998,98.446655,67649400
05/01/2016,105.75,105.849998,102.410004,102.709999,95.979675,55791000
06/01/2016,100.559998,102.370003,99.870003,100.699997,94.101387,68457400
07/01/2016,98.68,100.129997,96.43,96.449997,90.129868,81094400
08/01/2016,98.550003,99.110001,96.760002,96.959999,90.606438,70798000
11/01/2016,98.970001,99.059998,97.339996,98.529999,92.073563,49739400
12/01/2016,100.550003,100.690002,98.839996,99.959999,93.409874,49154200
13/01/2016,100.32,101.190002,97.300003,97.389999,91.00827,62439600
14/01/2016,97.959999,100.480003,95.739998,99.519997,92.998695,63170100
15/01/2016,96.199997,97.709999,95.360001,97.129997,90.765305,79833900
19/01/2016,98.410004,98.650002,95.5,96.660004,90.326103,53087700
20/01/2016,95.099998,98.190002,93.419998,96.790001,90.447578,72334400
21/01/2016,97.059998,97.879997,94.940002,96.300003,89.9897,52161500
22/01/2016,98.629997,101.459999,98.370003,101.419998,94.7742,65800500
25/01/2016,101.519997,101.529999,99.209999,99.440002,92.923958,51794500
26/01/2016,99.93,100.879997,98.07,99.989998,93.437889,75077000
27/01/2016,96.040001,96.629997,93.339996,93.419998,87.298416,133369700
28/01/2016,93.790001,94.519997,92.389999,94.089996,87.9245,55678800
29/01/2016,94.790001,97.339996,94.349998,97.339996,90.961533,64416500
01/02/2016,96.470001,96.709999,95.400002,96.43,90.111168,40943500
02/02/2016,95.419998,96.040001,94.279999,94.480003,88.288963,37357200
03/02/2016,95,96.839996,94.080002,96.349998,90.036423,45964300
04/02/2016,95.860001,97.330002,95.190002,96.599998,90.759865,46471700
05/02/2016,96.519997,96.919998,93.690002,94.019997,88.335838,46418100
08/02/2016,93.129997,95.699997,93.040001,95.010002,89.266014,54021400
09/02/2016,94.290001,95.940002,93.93,94.989998,89.247223,44331200
10/02/2016,95.919998,96.349998,94.099998,94.269997,88.570732,42343600
11/02/2016,93.790001,94.720001,92.589996,93.699997,88.035179,50074700
12/02/2016,94.190002,94.5,93.010002,93.989998,88.307655,40351400
16/02/2016,95.019997,96.849998,94.610001,96.639999,90.79744,49057900
17/02/2016,96.669998,98.209999,96.150002,98.120003,92.187965,44863200
18/02/2016,98.839996,98.889999,96.089996,96.260002,90.44043,39021000
19/02/2016,96,96.760002,95.800003,96.040001,90.233719,35374200
22/02/2016,96.309998,96.900002,95.919998,96.879997,91.022934,34280800
23/02/2016,96.400002,96.5,94.550003,94.690002,88.965324,31942600
24/02/2016,93.980003,96.379997,93.32,96.099998,90.290085,36255700
25/02/2016,96.050003,96.760002,95.25,96.760002,90.910202,27582700
26/02/2016,97.199997,98.019997,96.580002,96.910004,91.051132,28991100
29/02/2016,96.860001,98.230003,96.650002,96.690002,90.844444,35216300
01/03/2016,97.650002,100.769997,97.419998,100.529999,94.452271,50407100
02/03/2016,100.510002,100.889999,99.639999,100.75,94.658974,33169600
03/03/2016,100.580002,101.709999,100.449997,101.5,95.36364,36955700
04/03/2016,102.370003,103.75,101.370003,103.010002,96.782341,46055100
07/03/2016,102.389999,102.830002,100.959999,101.870003,95.711258,35828900
08/03/2016,100.779999,101.760002,100.400002,101.029999,94.92205,31561900
09/03/2016,101.309998,101.580002,100.269997,101.120003,95.006615,27201700
10/03/2016,101.410004,102.239998,100.150002,101.169998,95.053589,33513600
11/03/2016,102.239998,102.279999,101.5,102.260002,96.077667,27408200
14/03/2016,101.910004,102.910004,101.779999,102.519997,96.32196,25076100
15/03/2016,103.959999,105.18,103.849998,104.580002,98.257431,40067700
16/03/2016,104.610001,106.309998,104.589996,105.970001,99.563393,38303500
17/03/2016,105.519997,106.470001,104.959999,105.800003,99.403671,34420700
18/03/2016,106.339996,106.5,105.190002,105.919998,99.516403,44205200
21/03/2016,105.93,107.650002,105.139999,105.910004,99.507019,35502700
22/03/2016,105.25,107.290001,105.209999,106.720001,100.268051,32444400
23/03/2016,106.480003,107.07,105.900002,106.129997,99.713692,25703500
24/03/2016,105.470001,106.25,104.889999,105.669998,99.281532,26133000
28/03/2016,106,106.190002,105.059998,105.190002,98.830544,19411400
29/03/2016,104.889999,107.790001,104.879997,107.68,101.170006,31190100
30/03/2016,108.650002,110.419998,108.599998,109.559998,102.936356,45601100
31/03/2016,109.720001,109.900002,108.879997,108.989998,102.400795,25888400
01/04/2016,108.779999,110,108.199997,109.989998,103.340347,25874000
04/04/2016,110.419998,112.190002,110.269997,111.120003,104.402031,37356200
05/04/2016,109.510002,110.730003,109.419998,109.809998,103.171249,26578700
06/04/2016,110.230003,110.980003,109.199997,110.959999,104.251701,26404100
07/04/2016,109.949997,110.419998,108.120003,108.540001,101.978004,31801900
08/04/2016,108.910004,109.769997,108.169998,108.660004,102.090752,23581700
11/04/2016,108.970001,110.610001,108.830002,109.019997,102.428986,29407500
12/04/2016,109.339996,110.5,108.660004,110.440002,103.763138,27232300
13/04/2016,110.800003,112.339996,110.800003,112.040001,105.266418,33257300
14/04/2016,111.620003,112.389999,111.330002,112.099998,105.322792,25473900
15/04/2016,112.110001,112.300003,109.730003,109.849998,103.208817,46939000
18/04/2016,108.889999,108.949997,106.940002,107.480003,100.982109,60821500
19/04/2016,107.879997,108,106.230003,106.910004,100.446556,32384900
20/04/2016,106.639999,108.089996,106.059998,107.129997,100.653252,30611000
21/04/2016,106.93,106.93,105.519997,105.970001,99.563393,31552500
22/04/2016,105.010002,106.480003,104.620003,105.68,99.290916,33683100
25/04/2016,105,105.650002,104.510002,105.080002,98.727196,28031600
26/04/2016,103.910004,105.300003,103.910004,104.349998,98.041336,56016200
27/04/2016,96,98.709999,95.68,97.82,91.906113,114602100
28/04/2016,97.610001,97.879997,94.25,94.830002,89.096878,82242700
29/04/2016,93.989998,94.720001,92.510002,93.739998,88.072762,68531500
02/05/2016,93.970001,94.080002,92.400002,93.639999,87.978806,48160100
03/05/2016,94.199997,95.739998,93.68,95.18,89.425705,56831300
04/05/2016,95.199997,95.900002,93.82,94.190002,88.495567,41025500
05/05/2016,94,94.07,92.68,93.239998,88.136368,35890500
06/05/2016,93.370003,93.449997,91.849998,92.720001,87.644852,43699900
09/05/2016,93,93.769997,92.589996,92.790001,87.711006,32936400
10/05/2016,93.330002,93.57,92.110001,93.419998,88.306511,33686800
11/05/2016,93.480003,93.57,92.459999,92.510002,87.446327,28719100
12/05/2016,92.720001,92.779999,89.470001,90.339996,85.395096,76314700
13/05/2016,90,91.669998,90,90.519997,85.565239,44392800
16/05/2016,92.389999,94.389999,91.650002,93.879997,88.741341,61259800
17/05/2016,94.550003,94.699997,93.010002,93.489998,88.372688,46916900
18/05/2016,94.160004,95.209999,93.889999,94.559998,89.384109,42062400
19/05/2016,94.639999,94.639999,93.57,94.199997,89.043816,30442100
20/05/2016,94.639999,95.43,94.519997,95.220001,90.007996,32026000
23/05/2016,95.870003,97.190002,95.669998,96.43,91.151764,38018600
24/05/2016,97.220001,98.089996,96.839996,97.900002,92.541298,35140200
25/05/2016,98.669998,99.739998,98.110001,99.620003,94.167145,38168800
26/05/2016,99.68,100.730003,98.639999,100.410004,94.91391,56331200
27/05/2016,99.440002,100.470001,99.25,100.349998,94.857185,36341200
31/05/2016,99.599998,100.400002,98.82,99.860001,94.39402,42307200
01/06/2016,99.019997,99.540001,98.330002,98.459999,93.070633,29173300
02/06/2016,97.599998,97.839996,96.629997,97.720001,92.371155,40191600
03/06/2016,97.790001,98.269997,97.449997,97.919998,92.560196,28504900
06/06/2016,97.989998,101.889999,97.550003,98.629997,93.231331,23292500
07/06/2016,99.25,99.870003,98.959999,99.029999,93.609444,22409500
08/06/2016,99.019997,99.559998,98.68,98.940002,93.524368,20848100
09/06/2016,98.5,99.989998,98.459999,99.650002,94.195511,26601400
10/06/2016,98.529999,99.349998,98.480003,98.830002,93.420403,31712900
13/06/2016,98.690002,99.120003,97.099998,97.339996,92.01194,38020500
14/06/2016,97.32,98.480003,96.75,97.459999,92.125389,31931900
15/06/2016,97.82,98.410004,97.029999,97.139999,91.822899,29445200
16/06/2016,96.449997,97.75,96.07,97.550003,92.210464,31326800
17/06/2016,96.620003,96.650002,95.300003,95.330002,90.111977,61008200
20/06/2016,96,96.57,95.029999,95.099998,89.894562,34411900
21/06/2016,94.940002,96.349998,94.68,95.910004,90.660217,35546400
22/06/2016,96.25,96.889999,95.349998,95.550003,90.319923,29219100
23/06/2016,95.940002,96.290001,95.25,96.099998,90.839828,32240200
24/06/2016,92.910004,94.660004,92.650002,93.400002,88.287621,75311400
27/06/2016,93,93.050003,91.5,92.040001,87.002052,45489600
28/06/2016,92.900002,93.660004,92.139999,93.589996,88.467209,40444900
29/06/2016,93.970001,94.550003,93.629997,94.400002,89.232864,36531000
30/06/2016,94.440002,95.769997,94.300003,95.599998,90.367195,35836400
01/07/2016,95.489998,96.470001,95.330002,95.889999,90.641319,26026500
05/07/2016,95.389999,95.400002,94.459999,94.989998,89.790573,27705200
06/07/2016,94.599998,95.660004,94.370003,95.529999,90.301018,30949100
07/07/2016,95.699997,96.5,95.620003,95.940002,90.688583,25139600
08/07/2016,96.489998,96.889999,96.050003,96.68,91.388084,28912100
11/07/2016,96.75,97.650002,96.730003,96.980003,91.671654,23794900
12/07/2016,97.169998,97.699997,97.120003,97.419998,92.087578,24167500
13/07/2016,97.410004,97.669998,96.839996,96.870003,91.56768,25892200
14/07/2016,97.389999,98.989998,97.32,98.790001,93.382576,38919000
15/07/2016,98.919998,99.300003,98.5,98.779999,93.373138,30137000
18/07/2016,98.699997,100.129997,98.599998,99.830002,94.365654,36493900
19/07/2016,99.559998,100,99.339996,99.870003,94.403473,23779900
20/07/2016,100,100.459999,99.739998,99.959999,94.488556,26276000
21/07/2016,99.830002,101,99.129997,99.43,93.987556,32702000
22/07/2016,99.260002,99.300003,98.309998,98.660004,93.259705,28313700
25/07/2016,98.25,98.839996,96.919998,97.339996,92.01194,40382900
26/07/2016,96.82,97.970001,96.419998,96.669998,91.378624,56239800
27/07/2016,104.269997,104.349998,102.75,102.949997,97.314865,92344800
28/07/2016,102.830002,104.449997,102.82,104.339996,98.628769,39869800
29/07/2016,104.190002,104.550003,103.68,104.209999,98.50592,27733700
01/08/2016,104.410004,106.150002,104.410004,106.050003,100.245193,38167900
02/08/2016,106.050003,106.07,104,104.480003,98.761139,33816600
03/08/2016,104.809998,105.839996,104.769997,105.790001,99.999428,30202600
04/08/2016,105.580002,106,105.279999,105.870003,100.617188,27408700
05/08/2016,106.269997,107.650002,106.18,107.480003,102.147301,40553400
08/08/2016,107.519997,108.370003,107.160004,108.370003,102.993134,28037200
09/08/2016,108.230003,108.940002,108.010002,108.809998,103.411293,26315200
10/08/2016,108.709999,108.900002,107.760002,108,102.641495,24008500
11/08/2016,108.519997,108.93,107.849998,107.93,102.574959,27484500
12/08/2016,107.779999,108.440002,107.779999,108.18,102.812553,18660400
15/08/2016,108.139999,109.540001,108.080002,109.480003,104.048073,25868200
16/08/2016,109.629997,110.230003,109.209999,109.379997,103.953026,33794400
17/08/2016,109.099998,109.370003,108.339996,109.220001,103.800949,25356000
18/08/2016,109.230003,109.599998,109.019997,109.080002,103.667908,21984700
19/08/2016,108.769997,109.690002,108.360001,109.360001,103.934013,25368100
22/08/2016,108.860001,109.099998,107.849998,108.510002,103.126198,25820200
23/08/2016,108.589996,109.32,108.529999,108.849998,103.449318,21257700
24/08/2016,108.57,108.75,107.68,108.029999,102.670006,23675100
25/08/2016,107.389999,107.879997,106.68,107.57,102.232841,25086200
26/08/2016,107.410004,107.949997,106.309998,106.940002,101.634079,27766300
29/08/2016,106.620003,107.440002,106.290001,106.82,101.520035,24970300
30/08/2016,105.800003,106.5,105.5,106,100.740738,24863900
31/08/2016,105.660004,106.57,105.639999,106.099998,100.835762,29662400
01/09/2016,106.139999,106.800003,105.620003,106.730003,101.434509,26701500
02/09/2016,107.699997,108,106.82,107.730003,102.384895,26802500
06/09/2016,107.900002,108.300003,107.510002,107.699997,102.356369,26880400
07/09/2016,107.830002,108.760002,107.07,108.360001,102.983627,42364300
08/09/2016,107.25,107.269997,105.239998,105.519997,100.284531,53002000
09/09/2016,104.639999,105.720001,103.129997,103.129997,98.013115,46557000
12/09/2016,102.650002,105.720001,102.529999,105.440002,100.208519,45292800
13/09/2016,107.510002,108.790001,107.239998,107.949997,102.593964,62176200
14/09/2016,108.730003,113.029999,108.599998,111.769997,106.224449,110888700
15/09/2016,113.860001,115.730003,113.489998,115.57,109.835899,89983600
16/09/2016,115.120003,116.129997,114.040001,114.919998,109.218155,79886900
19/09/2016,115.190002,116.18,113.25,113.580002,107.944641,47023000
20/09/2016,113.050003,114.120003,112.510002,113.57,107.935127,34514300
21/09/2016,113.849998,113.989998,112.440002,113.550003,107.916115,36003200
22/09/2016,114.349998,114.940002,114,114.620003,108.933044,31074000
23/09/2016,114.419998,114.790001,111.550003,112.709999,107.117805,52481200
26/09/2016,111.639999,113.389999,111.550003,112.879997,107.279366,29869400
27/09/2016,113,113.18,112.339996,113.089996,107.478943,24607400
28/09/2016,113.690002,114.639999,113.43,113.949997,108.29628,29641100
29/09/2016,113.160004,113.800003,111.800003,112.18,106.614113,35887000
30/09/2016,112.459999,113.370003,111.800003,113.050003,107.440933,36379100
03/10/2016,112.709999,113.050003,112.279999,112.519997,106.93721,21701800
04/10/2016,113.059998,114.309998,112.629997,113,107.39341,29736800
05/10/2016,113.400002,113.660004,112.690002,113.050003,107.440933,21453100
06/10/2016,113.699997,114.339996,113.129997,113.889999,108.23925,28779300
07/10/2016,114.309998,114.559998,113.510002,114.059998,108.400818,24358400
10/10/2016,115.019997,116.75,114.720001,116.050003,110.292084,36236000
11/10/2016,117.699997,118.690002,116.199997,116.300003,110.529694,64041000
12/10/2016,117.349998,117.980003,116.75,117.339996,111.518074,37586800
13/10/2016,116.790001,117.440002,115.720001,116.980003,111.175941,35192400
14/10/2016,117.879997,118.169998,117.129997,117.629997,111.793686,35652200
17/10/2016,117.330002,117.839996,116.779999,117.550003,111.717659,23624900
18/10/2016,118.18,118.209999,117.449997,117.470001,111.641632,24553500
19/10/2016,117.25,117.760002,113.800003,117.120003,111.309006,20034600
20/10/2016,116.860001,117.379997,116.330002,117.059998,111.251968,24125800
21/10/2016,116.809998,116.910004,116.279999,116.599998,110.814804,23192700
24/10/2016,117.099998,117.739998,117,117.650002,111.812714,23538700
25/10/2016,117.949997,118.360001,117.309998,118.25,112.382919,48129000
26/10/2016,114.309998,115.699997,113.309998,115.589996,109.854904,66134200
27/10/2016,115.389999,115.860001,114.099998,114.480003,108.79998,34562000
28/10/2016,113.870003,115.209999,113.449997,113.720001,108.077698,37861700
31/10/2016,113.650002,114.230003,113.199997,113.540001,107.906609,26419400
01/11/2016,113.459999,113.769997,110.529999,111.489998,105.958328,43825800
02/11/2016,111.400002,112.349998,111.230003,111.589996,106.05336,28331700
03/11/2016,110.980003,111.459999,109.550003,109.830002,104.916626,26932600
04/11/2016,108.529999,110.25,108.110001,108.839996,103.970886,30837000
07/11/2016,110.080002,110.510002,109.459999,110.410004,105.470665,32560000
08/11/2016,110.309998,111.720001,109.699997,111.059998,106.091583,24254200
09/11/2016,109.879997,111.32,108.050003,110.879997,105.91964,59176400
10/11/2016,111.089996,111.089996,105.830002,107.790001,102.96788,57134500
11/11/2016,107.120003,108.870003,106.550003,108.43,103.579254,34143900
14/11/2016,107.709999,107.809998,104.080002,105.709999,100.980919,51175500
15/11/2016,106.57,107.68,106.160004,107.110001,102.318291,32264500
16/11/2016,106.699997,110.230003,106.599998,109.989998,105.06945,58840500
17/11/2016,109.809998,110.349998,108.830002,109.949997,105.031227,27632000
18/11/2016,109.720001,110.540001,109.660004,110.059998,105.136322,28428900
21/11/2016,110.120003,111.989998,110.010002,111.730003,106.731606,29264600
22/11/2016,111.949997,112.419998,111.400002,111.800003,106.798477,25965500
23/11/2016,111.360001,111.510002,110.330002,111.230003,106.253975,27426400
25/11/2016,111.129997,111.870003,110.949997,111.790001,106.788933,11475900
28/11/2016,111.43,112.470001,111.389999,111.57,106.578766,27194000
29/11/2016,110.779999,112.029999,110.07,111.459999,106.473701,28528800
30/11/2016,111.599998,112.199997,110.269997,110.519997,105.575737,36162300
01/12/2016,110.370003,110.940002,109.029999,109.489998,104.591812,37086900
02/12/2016,109.169998,110.089996,108.849998,109.900002,104.983475,26528000
05/12/2016,110,110.029999,108.25,109.110001,104.228821,34324500
06/12/2016,109.5,110.360001,109.190002,109.949997,105.031227,26195500
07/12/2016,109.260002,111.190002,109.160004,111.029999,106.062927,29998700
08/12/2016,110.860001,112.43,110.599998,112.120003,107.104172,27068300
09/12/2016,112.309998,114.699997,112.309998,113.949997,108.852295,34402600
12/12/2016,113.290001,115,112.489998,113.300003,108.231384,26374400
13/12/2016,113.839996,115.919998,113.75,115.190002,110.036827,43733800
14/12/2016,115.040001,116.199997,114.980003,115.190002,110.036827,34031800
15/12/2016,115.379997,116.730003,115.230003,115.82,110.638626,46524500
16/12/2016,116.470001,116.5,115.650002,115.970001,110.781929,44351100
19/12/2016,115.800003,117.379997,115.75,116.639999,111.421944,27779400
20/12/2016,116.739998,117.5,116.68,116.949997,111.718086,21425000
21/12/2016,116.800003,117.400002,116.779999,117.059998,111.823174,23783200
22/12/2016,116.349998,116.510002,115.639999,116.290001,111.087608,26085900
23/12/2016,115.589996,116.519997,115.589996,116.519997,111.30732,14249500
27/12/2016,116.519997,117.800003,116.489998,117.260002,112.014214,18296900
28/12/2016,117.519997,118.019997,116.199997,116.760002,111.536598,20905900
29/12/2016,116.449997,117.110001,116.400002,116.730003,111.507927,15039500
30/12/2016,116.650002,117.199997,115.43,115.82,110.638626,30586300
03/01/2017,115.800003,116.330002,114.760002,116.150002,110.953873,28781900
04/01/2017,115.849998,116.510002,115.75,116.019997,110.829704,21118100
05/01/2017,115.919998,116.860001,115.809998,116.610001,111.393303,22193600
06/01/2017,116.779999,118.160004,116.470001,117.910004,112.635139,31751900
09/01/2017,117.949997,119.43,117.940002,118.989998,113.666824,33561900
10/01/2017,118.769997,119.379997,118.300003,119.110001,113.781464,24462100
11/01/2017,118.739998,119.93,118.599998,119.75,114.392822,27588600
12/01/2017,118.900002,119.300003,118.209999,119.25,113.915184,27086200
13/01/2017,119.110001,119.620003,118.809998,119.040001,113.714584,26111900
17/01/2017,118.339996,120.239998,118.220001,120,114.631653,34439800
18/01/2017,120,120.5,119.709999,119.989998,114.622086,23713000
19/01/2017,119.400002,120.089996,119.370003,119.779999,114.421486,25597300
20/01/2017,120.449997,120.449997,119.730003,120,114.631653,32597900
23/01/2017,120,120.809998,119.769997,120.080002,114.708061,22050200
24/01/2017,119.550003,120.099998,119.5,119.970001,114.602982,23211000
25/01/2017,120.419998,122.099998,120.279999,121.879997,116.427536,32377600
26/01/2017,121.669998,122.440002,121.599998,121.940002,116.484856,26337600
27/01/2017,122.139999,122.349998,121.599998,121.949997,116.494415,20562900
30/01/2017,120.93,121.629997,120.660004,121.629997,116.188705,30377500
31/01/2017,121.150002,121.389999,120.620003,121.349998,115.921227,49201000
01/02/2017,127.029999,130.490005,127.010002,128.75,122.990189,111985000
02/02/2017,127.980003,129.389999,127.779999,128.529999,122.780045,33710400
03/02/2017,128.309998,129.190002,128.160004,129.080002,123.305435,24507300
06/02/2017,129.130005,130.5,128.899994,130.289993,124.461311,26845900
07/02/2017,130.539993,132.089996,130.449997,131.529999,125.645805,38183800
08/02/2017,131.350006,132.220001,131.220001,132.039993,126.133018,23004100
09/02/2017,131.649994,132.449997,131.119995,132.419998,127.044449,28349900
10/02/2017,132.460007,132.940002,132.050003,132.119995,126.756615,20065500
13/02/2017,133.080002,133.820007,132.75,133.289993,127.879105,23035400
14/02/2017,133.470001,135.089996,133.25,135.020004,129.53891,33226200
15/02/2017,135.520004,136.270004,134.619995,135.509995,130.009018,35623100
16/02/2017,135.669998,135.899994,134.839996,135.350006,129.855499,22584600
17/02/2017,135.100006,135.830002,135.100006,135.720001,130.210526,22198200
21/02/2017,136.229996,136.75,135.979996,136.699997,131.150726,24507200
22/02/2017,136.429993,137.119995,136.110001,137.110001,131.544052,20836900
23/02/2017,137.380005,137.479996,136.300003,136.529999,130.98761,20788200
24/02/2017,135.910004,136.660004,135.279999,136.660004,131.11235,21776600
27/02/2017,137.139999,137.440002,136.279999,136.929993,131.371368,20257400
28/02/2017,137.080002,137.440002,136.699997,136.990005,131.428955,23482900
01/03/2017,137.889999,140.149994,137.600006,139.789993,134.11528,36414600
02/03/2017,140,140.279999,138.759995,138.960007,133.318939,26211000
03/03/2017,138.779999,139.830002,138.589996,139.779999,134.105652,21108100
06/03/2017,139.369995,139.770004,138.600006,139.339996,133.683517,21750000
07/03/2017,139.059998,139.979996,138.789993,139.520004,133.856232,17446300
08/03/2017,138.949997,139.800003,138.820007,139,133.357315,18707200
09/03/2017,138.740005,138.789993,137.050003,138.679993,133.050323,22155900
10/03/2017,139.25,139.360001,138.639999,139.139999,133.491669,19612800
13/03/2017,138.850006,139.429993,138.820007,139.199997,133.549194,17421700
14/03/2017,139.300003,139.649994,138.839996,138.990005,133.347763,15309100
15/03/2017,139.410004,140.75,139.029999,140.460007,134.758087,25691800
16/03/2017,140.720001,141.020004,140.259995,140.690002,134.978714,19232000
17/03/2017,141,141,139.889999,139.990005,134.307159,43885000
20/03/2017,140.399994,141.5,140.229996,141.460007,135.717484,21542000
21/03/2017,142.110001,142.800003,139.729996,139.839996,134.163223,39529900
22/03/2017,139.850006,141.600006,139.759995,141.419998,135.679092,25860200
23/03/2017,141.259995,141.580002,140.610001,140.919998,135.199371,20346300
24/03/2017,141.5,141.740005,140.350006,140.639999,134.930756,22395600
27/03/2017,139.389999,141.220001,138.619995,140.880005,135.161026,23575100
28/03/2017,140.910004,144.039993,140.619995,143.800003,137.962479,33374800
29/03/2017,143.679993,144.490005,143.190002,144.119995,138.269485,29190000
30/03/2017,144.190002,144.5,143.5,143.929993,138.087189,21207300
31/03/2017,143.720001,144.270004,143.009995,143.660004,137.828171,19661700
03/04/2017,143.710007,144.119995,143.050003,143.699997,137.866547,19985700
04/04/2017,143.25,144.889999,143.169998,144.770004,138.893127,19891400
05/04/2017,144.220001,145.460007,143.809998,144.020004,138.173553,27717900
06/04/2017,144.289993,144.520004,143.449997,143.660004,137.828171,21149000
07/04/2017,143.729996,144.179993,143.270004,143.339996,137.521149,16672200
10/04/2017,143.600006,143.880005,142.899994,143.169998,137.358063,18933400
11/04/2017,142.940002,143.350006,140.059998,141.630005,135.880585,30379400
12/04/2017,141.600006,142.149994,141.009995,141.800003,136.043655,20350000
13/04/2017,141.910004,142.380005,141.050003,141.050003,135.324158,17822900
17/04/2017,141.479996,141.880005,140.869995,141.830002,136.072449,16582100
18/04/2017,141.410004,142.039993,141.110001,141.199997,135.468033,14697500
19/04/2017,141.880005,142,140.449997,140.679993,134.969116,17328400
20/04/2017,141.220001,142.919998,141.160004,142.440002,136.657715,23319600
21/04/2017,142.440002,142.679993,141.850006,142.270004,136.494598,17320900
24/04/2017,143.5,143.949997,143.179993,143.639999,137.809006,17134300
25/04/2017,143.910004,144.899994,143.869995,144.529999,138.662857,18871500
26/04/2017,144.470001,144.600006,143.380005,143.679993,137.847351,20041200
27/04/2017,143.919998,144.160004,143.309998,143.789993,137.952866,14246300
28/04/2017,144.089996,144.300003,143.270004,143.649994,137.818558,20860400
01/05/2017,145.100006,147.199997,144.960007,146.580002,140.629639,33602900
02/05/2017,147.539993,148.089996,146.839996,147.509995,141.521896,45352200
03/05/2017,145.589996,147.490005,144.270004,147.059998,141.090149,45697000
04/05/2017,146.520004,147.139999,145.809998,146.529999,140.58165,23371900
05/05/2017,146.759995,148.979996,146.759995,148.960007,142.91301,27327700
08/05/2017,149.029999,153.699997,149.029999,153.009995,146.798615,48752400
09/05/2017,153.869995,154.880005,153.449997,153.990005,147.7388,39130400
10/05/2017,153.630005,153.940002,152.110001,153.259995,147.038467,25805700
11/05/2017,152.449997,154.070007,152.309998,153.949997,148.310089,27255100
12/05/2017,154.699997,156.419998,154.669998,156.100006,150.381317,32527000
15/05/2017,156.009995,156.649994,155.050003,155.699997,149.995987,26009700
16/05/2017,155.940002,156.059998,154.720001,155.470001,149.774414,20048500
17/05/2017,153.600006,154.570007,149.710007,150.25,144.745636,50767700
18/05/2017,151.270004,153.339996,151.130005,152.539993,146.951736,33568200
19/05/2017,153.380005,153.979996,152.630005,153.059998,147.452682,26960800
22/05/2017,154,154.580002,152.910004,153.990005,148.348648,22966400
23/05/2017,154.899994,154.899994,153.309998,153.800003,148.165573,19918900
24/05/2017,153.839996,154.169998,152.669998,153.339996,147.722443,19178000
25/05/2017,153.729996,154.350006,153.029999,153.869995,148.232986,19235600
26/05/2017,154,154.240005,153.309998,153.610001,147.982559,21927600
30/05/2017,153.419998,154.429993,153.330002,153.669998,148.040359,20126900
31/05/2017,153.970001,154.169998,152.380005,152.759995,147.163681,24451200
01/06/2017,153.169998,153.330002,152.220001,153.179993,147.568298,16404100
02/06/2017,153.580002,155.449997,152.889999,155.449997,149.755157,27770700
05/06/2017,154.339996,154.449997,153.460007,153.929993,148.290817,25331700
06/06/2017,153.899994,155.809998,153.779999,154.449997,148.791779,26624900
07/06/2017,155.020004,155.979996,154.479996,155.369995,149.67807,21069600
08/06/2017,155.25,155.539993,154.399994,154.990005,149.311996,21250800
09/06/2017,155.190002,155.190002,146.020004,148.979996,143.522141,64882700
12/06/2017,145.740005,146.089996,142.509995,145.419998,140.09259,72307300
13/06/2017,147.160004,147.449997,145.149994,146.589996,141.219742,34165400
14/06/2017,147.5,147.5,143.839996,145.160004,139.842133,31531200
15/06/2017,143.320007,144.479996,142.210007,144.289993,139.003952,32165400
16/06/2017,143.779999,144.5,142.199997,142.270004,137.057983,50361100
19/06/2017,143.660004,146.740005,143.660004,146.339996,140.978882,32541400
20/06/2017,146.869995,146.869995,144.940002,145.009995,139.697601,24900100
21/06/2017,145.520004,146.070007,144.610001,145.869995,140.526093,21265800
22/06/2017,145.770004,146.699997,145.119995,145.630005,140.294922,19106300
23/06/2017,145.130005,147.160004,145.110001,146.279999,140.921082,35439400
26/06/2017,147.169998,148.279999,145.380005,145.820007,140.477951,25692400
27/06/2017,145.009995,146.160004,143.619995,143.729996,138.464493,24761900
28/06/2017,144.490005,146.110001,143.160004,145.830002,140.487579,22082400
29/06/2017,144.710007,145.130005,142.279999,143.679993,138.416321,31499400
30/06/2017,144.449997,144.960007,143.779999,144.020004,138.743896,23024100
03/07/2017,144.880005,145.300003,143.100006,143.5,138.242905,14277800
05/07/2017,143.690002,144.789993,142.720001,144.089996,138.81131,21569600
06/07/2017,143.020004,143.5,142.410004,142.729996,137.501144,24128800
07/07/2017,142.899994,144.75,142.899994,144.179993,138.89801,19201700
10/07/2017,144.110001,145.949997,143.369995,145.059998,139.745758,21090600
11/07/2017,144.729996,145.850006,144.380005,145.529999,140.198547,19781800
12/07/2017,145.869995,146.179993,144.820007,145.740005,140.400864,24884500
13/07/2017,145.5,148.490005,145.440002,147.770004,142.356522,25199400
14/07/2017,147.970001,149.330002,147.330002,149.039993,143.579956,20132100
17/07/2017,148.820007,150.899994,148.570007,149.559998,144.080887,23793500
18/07/2017,149.199997,150.130005,148.669998,150.080002,144.581879,17868800
19/07/2017,150.479996,151.419998,149.949997,151.020004,145.487427,20923000
20/07/2017,151.5,151.740005,150.190002,150.339996,144.832336,17243700
21/07/2017,149.990005,150.440002,148.880005,150.270004,144.764908,26252600
24/07/2017,150.580002,152.440002,149.899994,152.089996,146.51825,21493200
25/07/2017,151.800003,153.839996,151.800003,152.740005,147.144424,18853900
26/07/2017,153.350006,153.929993,153.059998,153.460007,147.838058,15781000
27/07/2017,153.75,153.990005,147.300003,150.559998,145.044281,32476300
28/07/2017,149.889999,150.229996,149.190002,149.5,144.023117,17213700
31/07/2017,149.899994,150.330002,148.130005,148.729996,143.281311,19845900
01/08/2017,149.100006,150.220001,148.410004,150.050003,144.552963,35368600
02/08/2017,159.279999,159.75,156.160004,157.139999,151.383224,69936800
03/08/2017,157.050003,157.210007,155.020004,155.570007,149.870743,27097300
04/08/2017,156.070007,157.399994,155.690002,156.389999,150.660721,20559900
07/08/2017,157.059998,158.919998,156.669998,158.809998,152.992065,21870300
08/08/2017,158.600006,161.830002,158.270004,160.080002,154.21553,36205900
09/08/2017,159.259995,161.270004,159.110001,161.059998,155.159607,26131500
10/08/2017,159.899994,160,154.630005,155.320007,150.217499,40804300
11/08/2017,156.600006,158.570007,156.070007,157.479996,152.306549,26257100
14/08/2017,159.320007,160.210007,158.75,159.850006,154.598694,22122700
15/08/2017,160.660004,162.199997,160.139999,161.600006,156.291183,29465500
16/08/2017,161.940002,162.509995,160.149994,160.949997,155.662521,27671600
17/08/2017,160.520004,160.710007,157.839996,157.860001,152.674057,27940600
18/08/2017,157.860001,159.5,156.720001,157.5,152.325897,27428100
21/08/2017,157.5,157.889999,155.110001,157.210007,152.045425,26368500
22/08/2017,158.229996,160,158.020004,159.779999,154.530991,21604600
23/08/2017,159.070007,160.470001,158.880005,159.979996,154.724396,19399100
24/08/2017,160.429993,160.740005,158.550003,159.270004,154.037735,19818900
25/08/2017,159.649994,160.559998,159.270004,159.860001,154.608353,25480100
28/08/2017,160.139999,162,159.929993,161.470001,156.165451,25966000
29/08/2017,160.100006,163.119995,160,162.910004,157.558167,29516900
30/08/2017,163.800003,163.889999,162.610001,163.350006,157.983704,27269600
31/08/2017,163.639999,164.520004,163.479996,164,158.61235,26785100
01/09/2017,164.800003,164.940002,163.630005,164.050003,158.660706,16591100
05/09/2017,163.75,164.25,160.559998,162.080002,156.755432,29468500
06/09/2017,162.710007,162.990005,160.520004,161.910004,156.590988,21651700
07/09/2017,162.089996,162.240005,160.360001,161.259995,155.962341,21928500
08/09/2017,160.860001,161.149994,158.529999,158.630005,153.418777,28611500
11/09/2017,160.5,162.050003,159.889999,161.5,156.194489,31580800
12/09/2017,162.610001,163.960007,158.770004,160.860001,155.575516,71714000
13/09/2017,159.869995,159.960007,157.910004,159.649994,154.405258,44907400
14/09/2017,158.990005,159.399994,158.089996,158.279999,153.080246,23760700
15/09/2017,158.470001,160.970001,158,159.880005,154.627701,49114600
18/09/2017,160.110001,160.5,158,158.669998,153.457443,28269400
19/09/2017,159.509995,159.770004,158.440002,158.729996,153.515472,20810600
20/09/2017,157.899994,158.259995,153.830002,156.070007,150.942871,52951400
21/09/2017,155.800003,155.800003,152.75,153.389999,148.350891,37511700
22/09/2017,151.539993,152.270004,150.559998,151.889999,146.900177,46645400
25/09/2017,149.990005,151.830002,149.160004,150.550003,145.604202,44387300
26/09/2017,151.779999,153.919998,151.690002,153.139999,148.109116,36660000
27/09/2017,153.800003,154.720001,153.539993,154.229996,149.1633,25504200
28/09/2017,153.889999,154.279999,152.699997,153.279999,148.244507,22005500
29/09/2017,153.210007,154.130005,152,154.119995,149.0569,26299800
02/10/2017,154.259995,154.449997,152.720001,153.809998,148.757111,18698800
03/10/2017,154.009995,155.089996,153.910004,154.479996,149.405106,16230300
04/10/2017,153.630005,153.860001,152.460007,153.479996,148.437958,20163800
05/10/2017,154.179993,155.440002,154.050003,155.389999,150.285172,21283800
06/10/2017,154.970001,155.490005,154.559998,155.300003,150.198135,17407600
09/10/2017,155.809998,156.729996,155.490005,155.839996,150.720398,16262900
10/10/2017,156.059998,158,155.100006,155.899994,150.778427,15617000
11/10/2017,155.970001,156.979996,155.75,156.550003,151.407104,16905600
12/10/2017,156.350006,157.369995,155.729996,156,150.875168,16125100
13/10/2017,156.729996,157.279999,156.410004,156.990005,151.832642,16394200
16/10/2017,157.899994,160,157.649994,159.880005,154.627701,24121500
17/10/2017,159.779999,160.869995,159.229996,160.470001,155.198318,18997300
18/10/2017,160.419998,160.710007,159.600006,159.759995,154.511642,16374200
19/10/2017,156.75,157.080002,155.020004,155.979996,150.855804,42584200
20/10/2017,156.610001,157.75,155.960007,156.25,151.116959,23974100
23/10/2017,156.889999,157.690002,155.5,156.169998,151.039581,21984300
24/10/2017,156.289993,157.419998,156.199997,157.100006,151.939011,17757200
25/10/2017,156.910004,157.550003,155.270004,156.410004,151.271683,21207100
26/10/2017,157.229996,157.830002,156.779999,157.410004,152.238815,17000500
27/10/2017,159.289993,163.600006,158.699997,163.050003,157.693542,44454200
30/10/2017,163.889999,168.070007,163.720001,166.720001,161.242996,44700800
31/10/2017,167.899994,169.649994,166.940002,169.039993,163.486755,36046800
01/11/2017,169.869995,169.940002,165.610001,166.889999,161.407394,33637800
02/11/2017,166.600006,168.5,165.279999,168.110001,162.587326,41393400
03/11/2017,174,174.259995,171.119995,172.5,166.833115,59398600
06/11/2017,172.369995,174.990005,171.720001,174.25,168.52562,35026300
07/11/2017,173.910004,175.25,173.600006,174.809998,169.067215,24361500
08/11/2017,174.660004,176.240005,174.330002,176.240005,170.450256,24409500
09/11/2017,175.110001,176.100006,173.139999,175.880005,170.102097,29482600
10/11/2017,175.110001,175.380005,174.270004,174.669998,169.539093,25145500
13/11/2017,173.5,174.5,173.399994,173.970001,168.859665,16982100
14/11/2017,173.039993,173.479996,171.179993,171.339996,166.3069,24782500
15/11/2017,169.970001,170.320007,168.380005,169.080002,164.113281,29158100
16/11/2017,171.179993,171.869995,170.300003,171.100006,166.073975,23637500
17/11/2017,171.039993,171.389999,169.639999,170.149994,165.151871,21899500
20/11/2017,170.289993,170.559998,169.559998,169.979996,164.986893,16262400
21/11/2017,170.779999,173.699997,170.779999,173.139999,168.054031,25131300
22/11/2017,173.360001,175,173.050003,174.960007,169.820587,25588900
24/11/2017,175.100006,175.5,174.649994,174.970001,169.830307,14026700
27/11/2017,175.050003,175.080002,173.339996,174.089996,168.976135,20716800
28/11/2017,174.300003,174.869995,171.860001,173.070007,167.986099,26428800
29/11/2017,172.630005,172.919998,167.160004,169.479996,164.501587,41666400
30/11/2017,170.429993,172.139999,168.440002,171.850006,166.801956,41527200
01/12/2017,169.949997,171.669998,168.5,171.050003,166.025436,39759300
04/12/2017,172.479996,172.619995,169.630005,169.800003,164.812134,32542400
05/12/2017,169.059998,171.520004,168.399994,169.639999,164.656845,27350200
06/12/2017,167.5,170.199997,166.460007,169.009995,164.04538,28560000
07/12/2017,169.029999,170.440002,168.910004,169.320007,164.346298,25673300
08/12/2017,170.490005,171,168.820007,169.369995,164.394775,23355200
11/12/2017,169.199997,172.889999,168.789993,172.669998,167.597855,35273800
12/12/2017,172.149994,172.389999,171.460007,171.699997,166.656357,19409200
13/12/2017,172.5,173.539993,172,172.270004,167.20961,23818400
14/12/2017,172.399994,173.130005,171.649994,172.220001,167.161057,20476500
15/12/2017,173.630005,174.169998,172.460007,173.970001,168.859665,40169300
18/12/2017,174.880005,177.199997,174.860001,176.419998,171.237717,29421100
19/12/2017,175.029999,175.389999,174.089996,174.539993,169.412903,27436400
20/12/2017,174.869995,175.419998,173.25,174.350006,169.2285,23475600
21/12/2017,174.169998,176.020004,174.100006,175.009995,169.86911,20949900
22/12/2017,174.679993,175.419998,174.5,175.009995,169.86911,16349400
26/12/2017,170.800003,171.470001,169.679993,170.570007,165.559555,33185500
27/12/2017,170.100006,170.779999,169.710007,170.600006,165.588669,21498200
28/12/2017,171,171.850006,170.479996,171.080002,166.054581,16480200
29/12/2017,170.520004,170.589996,169.220001,169.229996,164.258896,25999900
02/01/2018,170.160004,172.300003,169.259995,172.259995,167.19989,25555900
03/01/2018,172.529999,174.550003,171.960007,172.229996,167.170776,29517900
04/01/2018,172.539993,173.470001,172.080002,173.029999,167.947266,22434600
05/01/2018,173.440002,175.369995,173.050003,175,169.859406,23660000
08/01/2018,174.350006,175.610001,173.929993,174.350006,169.2285,20567800
09/01/2018,174.550003,175.059998,173.410004,174.330002,169.209091,21584000
10/01/2018,173.160004,174.300003,173,174.289993,169.170258,23959900
11/01/2018,174.589996,175.490005,174.490005,175.279999,170.13118,18667700
12/01/2018,176.179993,177.360001,175.649994,177.089996,171.888031,25418100
16/01/2018,177.899994,179.389999,176.139999,176.190002,171.014465,29565900
17/01/2018,176.149994,179.25,175.070007,179.100006,173.839005,34386800
18/01/2018,179.369995,180.100006,178.25,179.259995,173.994293,31193400
19/01/2018,178.610001,179.580002,177.410004,178.460007,173.217789,32425100
22/01/2018,177.300003,177.779999,176.600006,177,171.800674,27108600
23/01/2018,177.300003,179.440002,176.820007,177.039993,171.839493,32689100
24/01/2018,177.25,177.300003,173.199997,174.220001,169.102325,51105100
25/01/2018,174.509995,174.949997,170.529999,171.110001,166.083679,41529000
26/01/2018,172,172,170.059998,171.509995,166.471924,39143000
29/01/2018,170.160004,170.160004,167.070007,167.960007,163.026215,50640400
30/01/2018,165.529999,167.369995,164.699997,166.970001,162.065277,46048200
31/01/2018,166.869995,168.440002,166.5,167.429993,162.51178,32478900
01/02/2018,167.169998,168.619995,166.759995,167.779999,162.851486,47230800
02/02/2018,166,166.800003,160.100006,160.5,155.78537,86593800
05/02/2018,159.100006,163.880005,156,156.490005,151.893127,72738500
06/02/2018,154.830002,163.720001,154,163.029999,158.241013,68243800
07/02/2018,163.089996,163.399994,159.070007,159.539993,154.853531,51608600
08/02/2018,160.289993,161,155.029999,155.149994,150.592499,54390500
09/02/2018,157.070007,157.889999,150.240005,156.410004,152.434464,70672600
12/02/2018,158.5,163.889999,157.509995,162.710007,158.574326,60819500
13/02/2018,161.949997,164.75,161.649994,164.339996,160.162903,32549200
14/02/2018,163.039993,167.539993,162.880005,167.369995,163.115891,40644900
15/02/2018,169.789993,173.089996,169,172.990005,168.593033,51147200
16/02/2018,172.360001,174.820007,171.770004,172.429993,168.047272,40176100
20/02/2018,172.050003,174.259995,171.419998,171.850006,167.482025,33930500
21/02/2018,172.830002,174.119995,171.009995,171.070007,166.721848,37471600
22/02/2018,171.800003,173.949997,171.710007,172.5,168.115509,30991900
23/02/2018,173.669998,175.649994,173.539993,175.5,171.039246,33812400
26/02/2018,176.350006,179.389999,176.210007,178.970001,174.421036,38162200
27/02/2018,179.100006,180.479996,178.160004,178.389999,173.855804,38928100
28/02/2018,179.259995,180.619995,178.050003,178.119995,173.592667,37782100
01/03/2018,178.539993,179.779999,172.660004,175,170.551941,48802000
02/03/2018,172.800003,176.300003,172.449997,176.210007,171.731186,38454000
05/03/2018,175.210007,177.740005,174.520004,176.820007,172.325714,28401400
06/03/2018,177.910004,178.25,176.130005,176.669998,172.179504,23788500
07/03/2018,174.940002,175.850006,174.270004,175.029999,170.581207,31703500
08/03/2018,175.479996,177.119995,175.070007,176.940002,172.442642,23774100
09/03/2018,177.960007,180,177.389999,179.979996,175.405365,32185200
12/03/2018,180.289993,182.389999,180.210007,181.720001,177.101135,32207100
13/03/2018,182.589996,183.5,179.240005,179.970001,175.39563,31693500
14/03/2018,180.320007,180.520004,177.809998,178.440002,173.904495,29368400
15/03/2018,178.5,180.240005,178.070007,178.649994,174.109161,22743800
16/03/2018,178.649994,179.119995,177.619995,178.020004,173.495193,39404700
19/03/2018,177.320007,177.470001,173.660004,175.300003,170.844345,33446800
20/03/2018,175.240005,176.800003,174.940002,175.240005,170.785858,19649400
21/03/2018,175.039993,175.089996,171.259995,171.270004,166.916748,37054900
22/03/2018,170,172.679993,168.600006,168.850006,164.558273,41490800
23/03/2018,168.389999,169.919998,164.940002,164.940002,160.747635,41028800
26/03/2018,168.070007,173.100006,166.440002,172.770004,168.378662,37541200
27/03/2018,173.679993,175.149994,166.919998,168.339996,164.061218,40922600
28/03/2018,167.25,170.020004,165.190002,166.479996,162.24852,41668500
29/03/2018,167.809998,171.75,166.899994,167.779999,163.515457,38398500
02/04/2018,166.639999,168.940002,164.470001,166.679993,162.44342,37586800
03/04/2018,167.639999,168.75,164.880005,168.389999,164.10997,30278000
04/04/2018,164.880005,172.009995,164.770004,171.610001,167.248123,34605500
05/04/2018,172.580002,174.229996,172.080002,172.800003,168.407867,26933200
06/04/2018,170.970001,172.479996,168.199997,168.380005,164.100235,35005300
09/04/2018,169.880005,173.089996,169.850006,170.050003,165.727783,29017700
10/04/2018,173,174,171.529999,173.25,168.846451,28408600
11/04/2018,172.229996,173.919998,171.699997,172.440002,168.057022,22431600
12/04/2018,173.410004,175,173.039993,174.139999,169.713821,22889300
13/04/2018,174.779999,175.839996,173.850006,174.729996,170.288803,25124300
16/04/2018,175.029999,176.190002,174.830002,175.820007,171.35112,21578400
17/04/2018,176.490005,178.940002,176.410004,178.240005,173.709595,26605400
18/04/2018,177.809998,178.820007,176.880005,177.839996,173.319763,20754500
19/04/2018,173.759995,175.389999,172.660004,172.800003,168.407867,34808800
20/04/2018,170.600006,171.220001,165.429993,165.720001,161.507813,65491100
23/04/2018,166.830002,166.919998,164.089996,165.240005,161.040039,36515500
24/04/2018,165.669998,166.330002,161.220001,162.940002,158.798492,33692000
25/04/2018,162.619995,165.419998,162.410004,163.649994,159.490433,28382100
26/04/2018,164.119995,165.729996,163.369995,164.220001,160.045959,27963000
27/04/2018,164,164.330002,160.630005,162.320007,158.194244,35655800
30/04/2018,162.130005,167.259995,161.839996,165.259995,161.059509,42427400
01/05/2018,166.410004,169.199997,165.270004,169.100006,164.801895,53569400
02/05/2018,175.229996,177.75,173.800003,176.570007,172.082062,66539400
03/05/2018,175.880005,177.5,174.440002,176.889999,172.393906,34068200
04/05/2018,178.25,184.25,178.169998,183.830002,179.157516,56201300
07/05/2018,185.179993,187.669998,184.75,185.160004,180.45372,42451400
08/05/2018,184.990005,186.220001,183.669998,186.050003,181.321091,28402800
09/05/2018,186.550003,187.399994,185.220001,187.360001,182.597794,23211200
10/05/2018,187.740005,190.369995,187.649994,190.039993,185.209671,27989300
11/05/2018,189.490005,190.059998,187.449997,188.589996,184.505264,26212200
14/05/2018,189.009995,189.529999,187.860001,188.149994,184.074799,20778800
15/05/2018,186.779999,187.070007,185.100006,186.440002,182.40184,23695200
16/05/2018,186.070007,188.460007,186,188.179993,184.104141,19183100
17/05/2018,188,188.910004,186.360001,186.990005,182.939926,17294000
18/05/2018,187.190002,187.809998,186.130005,186.309998,182.274643,18297700
21/05/2018,188,189.270004,186.910004,187.630005,183.566071,18400800
22/05/2018,188.380005,188.880005,186.779999,187.160004,183.106216,15240700
23/05/2018,186.350006,188.5,185.759995,188.360001,184.280273,20058400
24/05/2018,188.770004,188.839996,186.210007,188.149994,184.074799,23234000
25/05/2018,188.229996,189.649994,187.649994,188.580002,184.495499,17461000
29/05/2018,187.600006,188.75,186.869995,187.899994,183.830231,22514100
30/05/2018,187.720001,188,186.779999,187.5,183.438889,18690500
31/05/2018,187.220001,188.229996,186.139999,186.869995,182.82251,27482800
01/06/2018,187.990005,190.259995,187.75,190.240005,186.119507,23442500
04/06/2018,191.639999,193.419998,191.350006,191.830002,187.675095,26266200
05/06/2018,193.070007,193.940002,192.360001,193.309998,189.123032,21566000
06/06/2018,193.630005,194.080002,191.919998,193.979996,189.778519,20933600
07/06/2018,194.139999,194.199997,192.339996,193.460007,189.269806,21347200
08/06/2018,191.169998,192,189.770004,191.699997,187.547913,26656800
11/06/2018,191.350006,191.970001,190.210007,191.229996,187.088089,18308500
12/06/2018,191.389999,192.610001,191.149994,192.279999,188.115341,16911100
13/06/2018,192.419998,192.880005,190.440002,190.699997,186.569565,21638400
14/06/2018,191.550003,191.570007,190.220001,190.800003,186.667404,21610100
15/06/2018,190.029999,190.160004,188.259995,188.839996,184.749863,61719200
18/06/2018,187.880005,189.220001,187.199997,188.740005,184.652008,18484900
19/06/2018,185.139999,186.330002,183.449997,185.690002,181.668076,33578500
20/06/2018,186.350006,187.199997,185.729996,186.5,182.460541,20628700
21/06/2018,187.25,188.350006,184.940002,185.460007,181.443069,25711900
22/06/2018,186.119995,186.149994,184.699997,184.919998,180.914749,27200400
25/06/2018,183.399994,184.919998,180.729996,182.169998,178.224304,31663100
26/06/2018,182.990005,186.529999,182.539993,184.429993,180.435379,24569200
27/06/2018,185.229996,187.279999,184.029999,184.160004,180.171219,25285300
28/06/2018,184.100006,186.210007,183.800003,185.5,181.482208,17365200
29/06/2018,186.289993,187.190002,182.910004,185.110001,181.100647,22737700
02/07/2018,183.820007,187.300003,183.419998,187.179993,183.125809,17731300
03/07/2018,187.789993,187.949997,183.539993,183.919998,179.936417,13954800
05/07/2018,185.259995,186.410004,184.279999,185.399994,181.384354,16604200
06/07/2018,185.419998,188.429993,185.199997,187.970001,183.898682,17485200
09/07/2018,189.5,190.679993,189.300003,190.580002,186.452164,19756600
10/07/2018,190.710007,191.279999,190.179993,190.350006,186.227173,15939100
11/07/2018,188.5,189.779999,187.610001,187.880005,183.810638,18831500
12/07/2018,189.529999,191.410004,189.309998,191.029999,186.89241,18041100
13/07/2018,191.080002,191.839996,190.899994,191.330002,187.185898,12513900
16/07/2018,191.520004,192.649994,190.419998,190.910004,186.775024,15043100
17/07/2018,189.75,191.869995,189.199997,191.449997,187.303299,15534500
18/07/2018,191.779999,191.800003,189.929993,190.399994,186.276047,16393400
19/07/2018,189.690002,192.550003,189.690002,191.880005,187.72403,20286800
20/07/2018,191.779999,192.429993,190.169998,191.440002,187.293564,20676200
23/07/2018,190.679993,191.960007,189.559998,191.610001,187.459839,15989400
24/07/2018,192.449997,193.660004,192.050003,193,188.819748,18697900
25/07/2018,193.059998,194.850006,192.429993,194.820007,190.600342,16709900
26/07/2018,194.610001,195.960007,193.610001,194.210007,190.00354,19076000
27/07/2018,194.990005,195.190002,190.100006,190.979996,186.843521,24024000
30/07/2018,191.899994,192.199997,189.070007,189.910004,185.796677,21029500
31/07/2018,190.300003,192.139999,189.339996,190.289993,186.168427,39373000
01/08/2018,199.130005,201.759995,197.309998,201.5,197.135651,67935700
02/08/2018,200.580002,208.380005,200.350006,207.389999,202.898071,62404000
03/08/2018,207.029999,208.740005,205.479996,207.990005,203.485062,33447400
06/08/2018,208,209.25,207.070007,209.070007,204.541672,25425400
07/08/2018,209.320007,209.5,206.759995,207.110001,202.62413,25587400
08/08/2018,206.050003,207.809998,204.520004,207.25,202.761124,22525500
09/08/2018,209.529999,209.779999,207.199997,208.880005,204.355804,23492600
10/08/2018,207.360001,209.100006,206.669998,207.529999,203.747101,24611200
13/08/2018,209.309998,210.949997,207.699997,208.869995,205.062668,25890900
14/08/2018,210.160004,210.559998,208.259995,209.75,205.926666,20748000
15/08/2018,209.220001,210.740005,208.330002,210.240005,206.407715,28807600
16/08/2018,211.75,213.809998,211.470001,213.320007,209.43158,28500400
17/08/2018,213.440002,217.949997,213.160004,217.580002,213.613892,35427000
20/08/2018,218.100006,219.179993,215.110001,215.460007,211.532562,30287700
21/08/2018,216.800003,217.190002,214.029999,215.039993,211.120209,26159800
22/08/2018,214.100006,216.360001,213.839996,215.050003,211.130035,19018100
23/08/2018,214.649994,217.050003,214.600006,215.490005,211.562012,18883200
24/08/2018,216.600006,216.899994,215.110001,216.160004,212.219803,18476400
27/08/2018,217.149994,218.740005,216.330002,217.940002,213.967346,20525100
28/08/2018,219.009995,220.539993,218.919998,219.699997,215.695267,22776800
29/08/2018,220.149994,223.490005,219.410004,222.979996,218.915482,27254800
30/08/2018,223.25,228.259995,222.399994,225.029999,220.928101,48793800
31/08/2018,226.509995,228.869995,226,227.630005,223.480713,43340100
04/09/2018,228.410004,229.179993,226.630005,228.360001,224.197418,27390100
05/09/2018,228.990005,229.669998,225.100006,226.869995,222.734589,33333000
06/09/2018,226.229996,227.350006,221.300003,223.100006,219.03331,34290000
07/09/2018,221.850006,225.369995,220.710007,221.300003,217.266113,37619800
10/09/2018,220.949997,221.850006,216.470001,218.330002,214.350235,39516500
11/09/2018,218.009995,224.300003,216.559998,223.850006,219.769638,35749000
12/09/2018,224.940002,225,219.839996,221.070007,217.040298,49278700
13/09/2018,223.520004,228.350006,222.570007,226.410004,222.282959,41706400
14/09/2018,225.75,226.839996,222.520004,223.839996,219.759811,31999300
17/09/2018,222.149994,222.949997,217.270004,217.880005,213.908447,37195100
18/09/2018,217.789993,221.850006,217.119995,218.240005,214.261887,31571700
19/09/2018,218.5,219.619995,215.300003,218.369995,214.389496,27123800
20/09/2018,220.240005,222.279999,219.149994,220.029999,216.019272,26608800
21/09/2018,220.779999,221.360001,217.289993,217.660004,213.692459,96246700
24/09/2018,216.820007,221.259995,216.630005,220.789993,216.765396,27693400
25/09/2018,219.75,222.820007,219.699997,222.190002,218.139877,24554400
26/09/2018,221,223.75,219.759995,220.419998,216.402145,23984700
27/09/2018,223.820007,226.440002,223.539993,224.949997,220.849579,30181200
28/09/2018,224.789993,225.839996,224.020004,225.740005,221.625168,22929400
01/10/2018,227.949997,229.419998,226.350006,227.259995,223.117462,23600800
02/10/2018,227.25,230,226.630005,229.279999,225.100647,24788200
03/10/2018,230.050003,233.470001,229.779999,232.070007,227.839798,28654800
04/10/2018,230.779999,232.350006,226.729996,227.990005,223.834167,32042000
05/10/2018,227.960007,228.410004,220.580002,224.289993,220.201599,33580500
08/10/2018,222.210007,224.800003,220.199997,223.770004,219.691101,29663900
09/10/2018,223.639999,227.270004,222.25,226.869995,222.734589,26891000
10/10/2018,225.460007,226.350006,216.050003,216.360001,212.416153,41990600
11/10/2018,214.520004,219.5,212.320007,214.449997,210.54097,53124400
12/10/2018,220.419998,222.880005,216.839996,222.110001,218.06134,40337900
15/10/2018,221.160004,221.830002,217.270004,217.360001,213.397919,30791000
16/10/2018,218.929993,222.990005,216.759995,222.149994,218.100601,29184000
17/10/2018,222.300003,222.639999,219.339996,221.190002,217.158112,22885400
18/10/2018,217.860001,219.740005,213,216.020004,212.082352,32581300
19/10/2018,218.059998,221.259995,217.429993,219.309998,215.312363,33078700
22/10/2018,219.789993,223.360001,218.940002,220.649994,216.627945,28792100
23/10/2018,215.830002,223.25,214.699997,222.729996,218.670029,38767800
24/10/2018,222.600006,224.229996,214.539993,215.089996,211.169296,40925500
25/10/2018,217.710007,221.380005,216.75,219.800003,215.793457,29855800
26/10/2018,215.899994,220.190002,212.669998,216.300003,212.357239,47258400
29/10/2018,219.190002,219.690002,206.089996,212.240005,208.371262,45935500
30/10/2018,211.149994,215.179993,209.270004,213.300003,209.411926,36660000
31/10/2018,216.880005,220.449997,216.619995,218.860001,214.87059,38358900
01/11/2018,219.050003,222.360001,216.809998,222.220001,218.169342,58323200
02/11/2018,209.550003,213.649994,205.429993,207.479996,203.697998,91328700
05/11/2018,204.300003,204.389999,198.169998,201.589996,197.915375,66163700
06/11/2018,201.919998,204.720001,201.690002,203.770004,200.055649,31882900
07/11/2018,205.970001,210.059998,204.130005,209.949997,206.122986,33424400
08/11/2018,209.979996,210.119995,206.75,208.490005,205.403809,25362600
09/11/2018,205.550003,206.009995,202.25,204.470001,201.443298,34365800
12/11/2018,199,199.850006,193.789993,194.169998,191.295761,51135500
13/11/2018,191.630005,197.179993,191.449997,192.229996,189.384476,46882900
14/11/2018,193.899994,194.479996,185.929993,186.800003,184.034882,60801000
15/11/2018,188.389999,191.970001,186.899994,191.410004,188.57663,46478800
16/11/2018,190.5,194.970001,189.460007,193.529999,190.665237,36928300
19/11/2018,190,190.699997,184.990005,185.860001,183.10878,41925300
20/11/2018,178.369995,181.470001,175.509995,176.979996,174.360245,67825200
21/11/2018,179.729996,180.270004,176.550003,176.779999,174.163193,31124200
23/11/2018,174.940002,176.600006,172.100006,172.289993,169.739655,23624000
26/11/2018,174.240005,174.949997,170.259995,174.619995,172.035172,44998500
27/11/2018,171.509995,174.770004,170.880005,174.240005,171.660797,41387400
28/11/2018,176.729996,181.289993,174.929993,180.940002,178.261627,46062500
29/11/2018,182.660004,182.800003,177.699997,179.550003,176.892197,41770000
30/11/2018,180.289993,180.330002,177.029999,178.580002,175.936554,39531500
03/12/2018,184.460007,184.940002,181.210007,184.820007,182.084183,40802500
04/12/2018,180.949997,182.389999,176.270004,176.690002,174.074539,41344300
06/12/2018,171.759995,174.779999,170.419998,174.720001,172.133682,43098400
07/12/2018,173.490005,174.490005,168.300003,168.490005,165.995926,42281600
10/12/2018,165,170.089996,163.330002,169.600006,167.089478,62026000
11/12/2018,171.660004,171.789993,167,168.630005,166.13385,47281700
12/12/2018,170.399994,171.919998,169.020004,169.100006,166.596878,35627700
13/12/2018,170.490005,172.570007,169.550003,170.949997,168.419479,31898600
14/12/2018,169,169.080002,165.279999,165.479996,163.030457,40703700
17/12/2018,165.449997,168.350006,162.729996,163.940002,161.51326,44287900
18/12/2018,165.380005,167.529999,164.389999,166.070007,163.61174,33841500
19/12/2018,166,167.449997,159.089996,160.889999,158.508408,49047300
20/12/2018,160.399994,162.110001,155.300003,156.830002,154.508499,64773000
21/12/2018,156.860001,158.160004,149.630005,150.729996,148.498795,95744600
24/12/2018,148.149994,151.550003,146.589996,146.830002,144.65654,37169200
26/12/2018,148.300003,157.229996,146.720001,157.169998,154.843475,58582500
27/12/2018,155.839996,156.770004,150.070007,156.149994,153.838562,53117100
28/12/2018,157.5,158.520004,154.550003,156.229996,153.917389,42291400
31/12/2018,158.529999,159.360001,156.479996,157.740005,155.405045,35003500
02/01/2019,154.889999,158.850006,154.229996,157.919998,155.582367,37039700
03/01/2019,143.979996,145.720001,142,142.190002,140.08522,91312200
04/01/2019,144.529999,148.550003,143.800003,148.259995,146.065353,58607100
07/01/2019,148.699997,148.830002,145.899994,147.929993,145.740265,54777800
08/01/2019,149.559998,151.820007,148.520004,150.75,148.518509,41025300
09/01/2019,151.289993,154.529999,149.630005,153.309998,151.040604,45099100
10/01/2019,152.5,153.970001,150.860001,153.800003,151.523376,35780700
11/01/2019,152.880005,153.699997,151.509995,152.289993,150.035706,27023200
14/01/2019,150.850006,151.270004,149.220001,150,147.779602,32439200
15/01/2019,150.270004,153.389999,150.050003,153.070007,150.804169,28710900
16/01/2019,153.080002,155.880005,153,154.940002,152.646484,30569700
17/01/2019,154.199997,157.660004,153.259995,155.860001,153.552872,29821200
18/01/2019,157.5,157.880005,155.979996,156.820007,154.498657,33751000
22/01/2019,156.410004,156.729996,152.619995,153.300003,151.030777,30394000
23/01/2019,154.149994,155.139999,151.699997,153.919998,151.641586,23130600
24/01/2019,154.110001,154.479996,151.740005,152.699997,150.439636,25441500
25/01/2019,155.479996,158.130005,154.320007,157.759995,155.424744,33535500
28/01/2019,155.789993,156.330002,153.660004,156.300003,153.986359,26192100
29/01/2019,156.25,158.130005,154.110001,154.679993,152.39032,41587200
30/01/2019,163.25,166.149994,160.229996,165.25,162.803864,61109800
31/01/2019,166.110001,169,164.559998,166.440002,163.976242,40739600
01/02/2019,166.960007,168.979996,165.929993,166.520004,164.055069,32668100
04/02/2019,167.410004,171.660004,167.279999,171.25,168.715042,31495500
05/02/2019,172.860001,175.080002,172.350006,174.179993,171.601685,36101600
06/02/2019,174.649994,175.570007,172.850006,174.240005,171.660797,28239600
07/02/2019,172.399994,173.940002,170.339996,170.940002,168.409653,31741700
08/02/2019,168.990005,170.660004,168.419998,170.410004,168.607529,23820000
11/02/2019,171.050003,171.210007,169.25,169.429993,167.637878,20993400
12/02/2019,170.100006,171,169.699997,170.889999,169.082443,22283500
13/02/2019,171.389999,172.479996,169.919998,170.179993,168.379944,22490200
14/02/2019,169.710007,171.259995,169.380005,170.800003,168.993408,21835700
15/02/2019,171.25,171.699997,169.75,170.419998,168.617432,24626800
19/02/2019,169.710007,171.440002,169.490005,170.929993,169.122009,18972800
20/02/2019,171.190002,173.320007,170.990005,172.029999,170.210388,26114400
21/02/2019,171.800003,172.369995,170.300003,171.059998,169.250656,17249700
22/02/2019,171.580002,173,171.380005,172.970001,171.140442,18913200
25/02/2019,174.160004,175.869995,173.949997,174.229996,172.387115,21873400
26/02/2019,173.710007,175.300003,173.169998,174.330002,172.486053,17070200
27/02/2019,173.210007,175,172.729996,174.869995,173.02034,27835400
28/02/2019,174.320007,174.910004,172.919998,173.149994,171.318542,28215400
01/03/2019,174.279999,175.149994,172.889999,174.970001,173.119278,25886200
04/03/2019,175.690002,177.75,173.970001,175.850006,173.98999,27436200
05/03/2019,175.940002,176,174.539993,175.529999,173.67337,19737400
06/03/2019,174.669998,175.490005,173.940002,174.520004,172.674057,20810400
07/03/2019,173.869995,174.440002,172.020004,172.5,170.675415,24796400
08/03/2019,170.320007,173.070007,169.5,172.910004,171.081085,23999400
11/03/2019,175.490005,179.119995,175.350006,178.899994,177.007706,32011000
12/03/2019,180,182.669998,179.369995,180.910004,178.996475,32467600
13/03/2019,182.25,183.300003,180.919998,181.710007,179.787994,31032500
14/03/2019,183.899994,184.100006,182.559998,183.729996,181.786621,23579500
15/03/2019,184.850006,187.330002,183.740005,186.119995,184.151337,39042900
18/03/2019,185.800003,188.389999,185.789993,188.020004,186.031265,26219800
19/03/2019,188.350006,188.990005,185.919998,186.529999,184.557022,31646400
20/03/2019,186.229996,189.490005,184.729996,188.160004,186.169785,31035200
21/03/2019,190.020004,196.330002,189.809998,195.089996,193.026459,51034200
22/03/2019,195.339996,197.690002,190.779999,191.050003,189.029205,42407700
25/03/2019,191.509995,191.979996,186.600006,188.740005,186.743637,43845300
26/03/2019,191.660004,192.880005,184.580002,186.789993,184.814255,49800500
27/03/2019,188.75,189.759995,186.550003,188.470001,186.476486,29848400
28/03/2019,188.949997,189.559998,187.529999,188.720001,186.723846,20780400
29/03/2019,189.830002,190.080002,188.539993,189.949997,187.940842,23564000
01/04/2019,191.639999,191.679993,188.380005,191.240005,189.217209,27862000
02/04/2019,191.089996,194.460007,191.050003,194.020004,191.967804,22765700
03/04/2019,193.25,196.5,193.149994,195.350006,193.283737,23271800
04/04/2019,194.789993,196.369995,193.139999,195.690002,193.620117,19114300
05/04/2019,196.449997,197.100006,195.929993,197,194.91626,18526600
08/04/2019,196.419998,200.229996,196.339996,200.100006,197.983475,25881700
09/04/2019,200.320007,202.850006,199.229996,199.5,197.389832,35768200
10/04/2019,198.679993,200.740005,198.179993,200.619995,198.497971,21695300
11/04/2019,200.850006,201,198.440002,198.949997,196.845642,20900800
12/04/2019,199.199997,200.139999,196.210007,198.869995,196.766495,27760700
15/04/2019,198.580002,199.850006,198.009995,199.229996,197.122681,17536600
16/04/2019,199.460007,201.369995,198.559998,199.25,197.142471,25696400
17/04/2019,199.539993,203.380005,198.610001,203.130005,200.981445,28906800
18/04/2019,203.119995,204.149994,202.520004,203.860001,201.70372,24195800
22/04/2019,202.830002,204.940002,202.339996,204.529999,202.366638,19439500
23/04/2019,204.429993,207.75,203.899994,207.479996,205.285416,23323000
24/04/2019,207.360001,208.479996,207.050003,207.160004,204.968811,17540600
25/04/2019,206.830002,207.759995,205.119995,205.279999,203.108704,18543200
26/04/2019,204.899994,205,202.119995,204.300003,202.139069,18649100
29/04/2019,204.399994,205.970001,203.860001,204.610001,202.445786,22204700
30/04/2019,203.059998,203.399994,199.110001,200.669998,198.547455,46534900
01/05/2019,209.880005,215.309998,209.229996,210.520004,208.293274,64827300
02/05/2019,209.839996,212.649994,208.130005,209.149994,206.937759,31996300
03/05/2019,210.889999,211.839996,210.229996,211.75,209.510269,20892400
06/05/2019,204.289993,208.839996,203.5,208.479996,206.274857,32443100
07/05/2019,205.880005,207.419998,200.830002,202.860001,200.714294,38763700
08/05/2019,201.899994,205.339996,201.75,202.899994,200.75386,26339500
09/05/2019,200.399994,201.679993,196.660004,200.720001,198.596924,34908600
10/05/2019,197.419998,198.850006,192.770004,197.179993,195.845673,41208700
13/05/2019,187.710007,189.479996,182.850006,185.720001,184.463242,57430600
14/05/2019,186.410004,189.699997,185.410004,188.660004,187.383331,36529700
15/05/2019,186.270004,191.75,186.020004,190.919998,189.628036,26544700
16/05/2019,189.910004,192.470001,188.839996,190.080002,188.793732,33031400
17/05/2019,186.929993,190.899994,186.759995,189,187.721039,32879100
20/05/2019,183.520004,184.350006,180.279999,183.089996,181.851028,38612300
21/05/2019,185.220001,188,184.699997,186.600006,185.33728,28364800
22/05/2019,184.660004,185.710007,182.550003,182.779999,181.543121,29748600
23/05/2019,179.800003,180.539993,177.809998,179.660004,178.444244,36529700
24/05/2019,180.199997,182.139999,178.619995,178.970001,177.758911,23714700
28/05/2019,178.919998,180.589996,177.910004,178.229996,177.023911,27948200
29/05/2019,176.419998,179.350006,176,177.380005,176.179657,28481200
30/05/2019,177.949997,179.229996,176.669998,178.300003,177.093445,21218400
31/05/2019,176.229996,177.990005,174.990005,175.070007,173.8853,27043600
03/06/2019,175.600006,177.919998,170.270004,173.300003,172.127274,40396100
04/06/2019,175.440002,179.830002,174.520004,179.639999,178.424377,30968000
05/06/2019,184.279999,184.990005,181.139999,182.539993,181.304733,29773400
06/06/2019,183.080002,185.470001,182.149994,185.220001,183.966614,22526300
07/06/2019,186.509995,191.919998,185.770004,190.149994,188.863251,30684400
10/06/2019,191.809998,195.369995,191.619995,192.580002,191.27681,26220900
11/06/2019,194.860001,196,193.600006,194.809998,193.491714,26932900
12/06/2019,193.949997,195.970001,193.389999,194.190002,192.875916,18253200
13/06/2019,194.699997,196.789993,193.600006,194.149994,192.836166,21674600
14/06/2019,191.550003,193.589996,190.300003,192.740005,191.43573,18761500
17/06/2019,192.899994,194.960007,192.169998,193.889999,192.577942,14669100
18/06/2019,196.050003,200.289993,195.210007,198.449997,197.107086,26551000
19/06/2019,199.679993,199.880005,197.309998,197.869995,196.531006,21124200
20/06/2019,200.369995,200.610001,198.029999,199.460007,198.110245,21514000
21/06/2019,198.800003,200.850006,198.149994,198.779999,197.434845,47800600
24/06/2019,198.539993,200.160004,198.169998,198.580002,197.236206,18220400
25/06/2019,198.429993,199.259995,195.289993,195.570007,194.246582,21070300
26/06/2019,197.770004,200.990005,197.350006,199.800003,198.447952,26067500
27/06/2019,200.289993,201.570007,199.570007,199.740005,198.388367,20899700
28/06/2019,198.679993,199.5,197.050003,197.919998,196.580658,31110600
01/07/2019,203.169998,204.490005,200.649994,201.550003,200.186111,27316700
02/07/2019,201.410004,203.130005,201.360001,202.729996,201.358109,16935200
03/07/2019,203.279999,204.440002,202.690002,204.410004,203.026749,11362000
05/07/2019,203.350006,205.080002,202.899994,204.229996,202.847961,17265500
08/07/2019,200.809998,201.399994,198.410004,200.020004,198.666458,25338600
09/07/2019,199.199997,201.509995,198.809998,201.240005,199.87822,20578000
10/07/2019,201.850006,203.729996,201.559998,203.229996,201.854736,17897100
11/07/2019,203.309998,204.389999,201.710007,201.75,200.38475,20191800
12/07/2019,202.449997,204,202.199997,203.300003,201.924271,17595200
15/07/2019,204.089996,205.869995,204,205.210007,203.82135,16947400
16/07/2019,204.589996,206.110001,203.5,204.5,203.116135,16866800
17/07/2019,204.050003,205.089996,203.270004,203.350006,201.973923,14107500
18/07/2019,204,205.880005,203.699997,205.660004,204.268295,18582200
19/07/2019,205.789993,206.5,202.360001,202.589996,201.21907,20929300
22/07/2019,203.649994,207.229996,203.610001,207.220001,205.817734,22277900
23/07/2019,208.460007,208.910004,207.289993,208.839996,207.426758,18355200
24/07/2019,207.669998,209.149994,207.169998,208.669998,207.257935,14991600
25/07/2019,208.889999,209.240005,206.729996,207.020004,205.619095,13909600
26/07/2019,207.479996,209.729996,207.139999,207.740005,206.334213,17618900
29/07/2019,208.460007,210.639999,208.440002,209.679993,208.261078,21673400
30/07/2019,208.759995,210.160004,207.309998,208.779999,207.367172,33935700
31/07/2019,216.419998,221.369995,211.300003,213.039993,211.598358,69281400
01/08/2019,213.899994,218.029999,206.740005,208.429993,207.019531,54017900
02/08/2019,205.529999,206.429993,201.630005,204.020004,202.639389,40862100
05/08/2019,197.990005,198.649994,192.580002,193.339996,192.031647,52393000
06/08/2019,196.309998,198.070007,194.039993,197,195.666885,35824800
07/08/2019,195.410004,199.559998,193.820007,199.039993,197.693085,33364400
08/08/2019,200.199997,203.529999,199.389999,203.429993,202.053375,27009500
09/08/2019,201.300003,202.759995,199.289993,200.990005,200.388382,24619700
12/08/2019,199.619995,202.050003,199.149994,200.479996,199.879898,22474900
13/08/2019,201.020004,212.139999,200.479996,208.970001,208.344498,47218500
14/08/2019,203.160004,206.440002,202.589996,202.75,202.143112,36547400
15/08/2019,203.460007,205.139999,199.669998,201.740005,201.136139,27227400
16/08/2019,204.279999,207.160004,203.839996,206.5,205.881882,27620400
19/08/2019,210.619995,212.729996,210.029999,210.350006,209.720367,24413600
20/08/2019,210.880005,213.350006,210.320007,210.360001,209.730331,26884300
21/08/2019,212.990005,213.649994,211.600006,212.639999,212.00351,21535400
22/08/2019,213.190002,214.440002,210.75,212.460007,211.824051,22253700
23/08/2019,209.429993,212.050003,201,202.639999,202.033447,46818000
26/08/2019,205.860001,207.190002,205.059998,206.490005,205.871918,26043600
27/08/2019,207.860001,208.550003,203.529999,204.160004,203.548889,25873300
28/08/2019,204.100006,205.720001,203.320007,205.529999,204.914795,15938800
29/08/2019,208.5,209.320007,206.660004,209.009995,208.384369,20990500
30/08/2019,210.160004,210.449997,207.199997,208.740005,208.115189,21143400
03/09/2019,206.429993,206.979996,204.220001,205.699997,205.084274,20023000
04/09/2019,208.389999,209.479996,207.320007,209.190002,208.563843,19188100
05/09/2019,212,213.970001,211.509995,213.279999,212.641586,23913700
06/09/2019,214.050003,214.419998,212.509995,213.259995,212.621643,19362300
09/09/2019,214.839996,216.440002,211.070007,214.169998,213.528931,27309400
10/09/2019,213.860001,216.779999,211.710007,216.699997,216.051346,31777900
11/09/2019,218.070007,223.710007,217.729996,223.589996,222.920731,44289600
12/09/2019,224.800003,226.419998,222.860001,223.089996,222.422226,32226700
13/09/2019,220,220.789993,217.020004,218.75,218.095215,39763300
16/09/2019,217.729996,220.130005,217.559998,219.899994,219.241776,21158100
17/09/2019,219.960007,220.820007,219.119995,220.699997,220.039383,18318700
18/09/2019,221.059998,222.850006,219.440002,222.770004,222.103195,25340000
19/09/2019,222.009995,223.759995,220.369995,220.960007,220.298615,22060600
20/09/2019,221.380005,222.559998,217.470001,217.729996,217.078262,55413100
23/09/2019,218.949997,219.839996,217.649994,218.720001,218.065308,19165500
24/09/2019,221.029999,222.490005,217.190002,217.679993,217.028412,31190800
25/09/2019,218.550003,221.5,217.139999,221.029999,220.368393,21903400
26/09/2019,220,220.940002,218.830002,219.889999,219.231812,18833500
27/09/2019,220.539993,220.960007,217.279999,218.820007,218.165024,25352000
30/09/2019,220.899994,224.580002,220.789993,223.970001,223.299591,25977400
01/10/2019,225.070007,228.220001,224.199997,224.589996,223.91774,34805800
02/10/2019,223.059998,223.580002,217.929993,218.960007,218.304596,34612300
03/10/2019,218.429993,220.960007,215.130005,220.820007,220.159027,28606500
04/10/2019,225.639999,227.490005,223.889999,227.009995,226.33049,34619700
07/10/2019,226.270004,229.929993,225.839996,227.059998,226.380341,30576500
08/10/2019,225.820007,228.059998,224.330002,224.399994,223.728302,27955000
09/10/2019,227.029999,227.789993,225.639999,227.029999,226.350433,18692600
10/10/2019,227.929993,230.440002,227.300003,230.089996,229.401276,28253400
11/10/2019,232.949997,237.639999,232.309998,236.210007,235.50296,41698900
14/10/2019,234.899994,238.130005,234.669998,235.869995,235.163971,24106900
15/10/2019,236.389999,237.649994,234.880005,235.320007,234.615631,21840000
16/10/2019,233.369995,235.240005,233.199997,234.369995,233.668457,18475800
17/10/2019,235.089996,236.149994,233.520004,235.279999,234.575745,16896300
18/10/2019,234.589996,237.580002,234.289993,236.410004,235.702362,24358400
21/10/2019,237.520004,240.990005,237.320007,240.509995,239.790085,21811800
22/10/2019,241.160004,242.199997,239.619995,239.960007,239.241745,20573400
23/10/2019,242.100006,243.240005,241.220001,243.179993,242.452087,18957200
24/10/2019,244.509995,244.800003,241.809998,243.580002,242.850891,17318800
25/10/2019,243.160004,246.729996,242.880005,246.580002,245.841919,18369300
28/10/2019,247.419998,249.25,246.720001,249.050003,248.30452,24143200
29/10/2019,248.970001,249.75,242.570007,243.289993,242.561752,35709900
30/10/2019,244.759995,245.300003,241.210007,243.259995,242.531845,31130500
31/10/2019,247.240005,249.169998,237.259995,248.759995,248.015381,34790500
01/11/2019,249.539993,255.929993,249.160004,255.820007,255.05426,37781300
04/11/2019,257.329987,257.850006,255.380005,257.5,256.729218,25818000
05/11/2019,257.049988,258.190002,256.320007,257.130005,256.360352,19974400
06/11/2019,256.769989,257.48999,255.369995,257.23999,256.470001,18966100
07/11/2019,258.73999,260.350006,258.109985,259.429993,259.429993,23735100
08/11/2019,258.690002,260.440002,256.850006,260.140015,260.140015,17496600
11/11/2019,258.299988,262.470001,258.279999,262.200012,262.200012,20455300
12/11/2019,261.549988,262.790009,260.920013,261.959991,261.959991,21847200
13/11/2019,261.130005,264.779999,261.070007,264.470001,264.470001,25683600
14/11/2019,263.75,264.880005,262.100006,262.640015,262.640015,22295700
15/11/2019,263.679993,265.779999,263.01001,265.76001,265.76001,25051600
18/11/2019,265.799988,267.429993,264.230011,267.100006,267.100006,21675800
19/11/2019,267.899994,268,265.390015,266.290009,266.290009,19041800
20/11/2019,265.540009,266.079987,260.399994,263.190002,263.190002,26558600
21/11/2019,263.690002,264.01001,261.179993,262.01001,262.01001,30348800
22/11/2019,262.589996,263.179993,260.839996,261.779999,261.779999,16331300
25/11/2019,262.709991,266.440002,262.519989,266.369995,266.369995,21005100
26/11/2019,266.940002,267.160004,262.5,264.290009,264.290009,26301900
27/11/2019,265.579987,267.980011,265.309998,267.839996,267.839996,16308900
29/11/2019,266.600006,268,265.899994,267.25,267.25,11654400
02/12/2019,267.269989,268.25,263.450012,264.160004,264.160004,23621800
03/12/2019,258.309998,259.529999,256.290009,259.450012,259.450012,28607600
04/12/2019,261.070007,263.309998,260.679993,261.73999,261.73999,16795400
05/12/2019,263.790009,265.890015,262.730011,265.579987,265.579987,18606100
06/12/2019,267.480011,271,267.299988,270.709991,270.709991,26518900